protein,description,log_ratio_1,log_ratio_2,log_ratio_3,avg_ratio,sd_ratio,ratio_count
P74464,P74464_SYNY3 General secretion pathway protein F OS=Synechocystis sp. (strain PCC 6803 / Kazusa) OX=1111708 GN=gspF PE=4 SV=1,NA,NA,NA,NA,NA,0
Q55901,MINC_SYNY3 Probable septum site-determining protein MinC OS=Synechocystis sp. (strain PCC 6803 / Kazusa) OX=1111708 GN=minC PE=3 SV=2,NA,NA,NA,NA,NA,0
Q55680,Y005_SYNY3 Uncharacterized protein sll0005 OS=Synechocystis sp. (strain PCC 6803 / Kazusa) OX=1111708 GN=sll0005 PE=3 SV=1,NA,NA,NA,NA,NA,0
P73300,RL36_SYNY3 50S ribosomal protein L36 OS=Synechocystis sp. (strain PCC 6803 / Kazusa) OX=1111708 GN=rpmJ PE=3 SV=1,NA,NA,NA,NA,NA,0
P73111,P73111_SYNY3 Sll1835 protein OS=Synechocystis sp. (strain PCC 6803 / Kazusa) OX=1111708 GN=sll1835 PE=4 SV=1,NA,NA,NA,NA,NA,0
Q59977,CISY_SYNY3 Citrate synthase OS=Synechocystis sp. (strain PCC 6803 / Kazusa) OX=1111708 GN=gltA PE=3 SV=1,NA,NA,NA,NA,NA,0
P24602,BFR_SYNY3 Bacterioferritin OS=Synechocystis sp. (strain PCC 6803 / Kazusa) OX=1111708 GN=bfr PE=1 SV=2,NA,NA,NA,NA,NA,0
P73553,MSCL_SYNY3 Large-conductance mechanosensitive channel OS=Synechocystis sp. (strain PCC 6803 / Kazusa) OX=1111708 GN=mscL PE=3 SV=1,NA,NA,NA,NA,NA,0
P14835,PSBH_SYNY3 Photosystem II reaction center protein H OS=Synechocystis sp. (strain PCC 6803 / Kazusa) OX=1111708 GN=psbH PE=1 SV=3,NA,NA,NA,NA,NA,0
P73817,SLAP_SYNY3 S-layer protein OS=Synechocystis sp. (strain PCC 6803 / Kazusa) OX=1111708 GN=sll1951 PE=1 SV=1,NA,NA,NA,NA,NA,0
P27178,ATP6_SYNY3 ATP synthase subunit a OS=Synechocystis sp. (strain PCC 6803 / Kazusa) OX=1111708 GN=atpB PE=3 SV=1,NA,NA,NA,NA,NA,0
P72956,P72956_SYNY3 PleD gene product OS=Synechocystis sp. (strain PCC 6803 / Kazusa) OX=1111708 GN=pleD PE=4 SV=1,NA,NA,NA,NA,NA,0
Q55671,Q55671_SYNY3 Slr0013 protein OS=Synechocystis sp. (strain PCC 6803 / Kazusa) OX=1111708 GN=slr0013 PE=4 SV=1,NA,NA,NA,NA,NA,0
P38382,SECE_SYNY3 Protein translocase subunit SecE OS=Synechocystis sp. (strain PCC 6803 / Kazusa) OX=1111708 GN=secE PE=3 SV=1,NA,NA,NA,NA,NA,0
P73598,P73598_SYNY3 Sll1305 protein OS=Synechocystis sp. (strain PCC 6803 / Kazusa) OX=1111708 GN=sll1305 PE=4 SV=1,NA,NA,NA,NA,NA,0
Q55389,"FTRC_SYNY3 Ferredoxin-thioredoxin reductase, catalytic chain OS=Synechocystis sp. (strain PCC 6803 / Kazusa) OX=1111708 GN=ftrC PE=1 SV=1",NA,NA,NA,NA,NA,0
P74429,P74429_SYNY3 Ycf39 gene product OS=Synechocystis sp. (strain PCC 6803 / Kazusa) OX=1111708 GN=ycf39 PE=4 SV=1,NA,NA,NA,NA,NA,0
P74251,P74251_SYNY3 Sll1089 protein OS=Synechocystis sp. (strain PCC 6803 / Kazusa) OX=1111708 GN=sll1089 PE=4 SV=1,NA,NA,NA,NA,NA,0
P74433,P74433_SYNY3 Slr0404 protein OS=Synechocystis sp. (strain PCC 6803 / Kazusa) OX=1111708 GN=slr0404 PE=4 SV=1,NA,NA,NA,NA,NA,0
P73605,P73605_SYNY3 Slr1854 protein OS=Synechocystis sp. (strain PCC 6803 / Kazusa) OX=1111708 GN=slr1854 PE=4 SV=1,NA,NA,NA,NA,NA,0
P72932,P72932_SYNY3 High light inducible protein OS=Synechocystis sp. (strain PCC 6803 / Kazusa) OX=1111708 GN=hliA PE=4 SV=1,NA,NA,NA,NA,NA,0
Q55505,DNAJ1_SYNY3 Chaperone protein DnaJ 1 OS=Synechocystis sp. (strain PCC 6803 / Kazusa) OX=1111708 GN=dnaJ1 PE=3 SV=1,NA,NA,NA,NA,NA,0
P73652,P73652_SYNY3 Sll1757 protein OS=Synechocystis sp. (strain PCC 6803 / Kazusa) OX=1111708 GN=sll1757 PE=4 SV=1,NA,NA,NA,NA,NA,0
Q54735,CYNT_SYNY3 Carbonic anhydrase OS=Synechocystis sp. (strain PCC 6803 / Kazusa) OX=1111708 GN=icfA PE=1 SV=1,NA,NA,NA,NA,NA,0
P72864,P72864_SYNY3 Carboxysome formation protein OS=Synechocystis sp. (strain PCC 6803 / Kazusa) OX=1111708 GN=ccmA PE=4 SV=1,NA,NA,NA,NA,NA,0
P74478,P74478_SYNY3 Slr1926 protein OS=Synechocystis sp. (strain PCC 6803 / Kazusa) OX=1111708 GN=slr1926 PE=4 SV=1,NA,NA,NA,NA,NA,0
Q55453,Q55453_SYNY3 Aminotransferase OS=Synechocystis sp. (strain PCC 6803 / Kazusa) OX=1111708 GN=aspC PE=3 SV=1,NA,NA,NA,NA,NA,0
P73493,GSHB_SYNY3 Glutathione synthetase OS=Synechocystis sp. (strain PCC 6803 / Kazusa) OX=1111708 GN=gshB PE=3 SV=1,NA,NA,NA,NA,NA,0
P27589,PETD_SYNY3 Cytochrome b6-f complex subunit 4 OS=Synechocystis sp. (strain PCC 6803 / Kazusa) OX=1111708 GN=petD PE=3 SV=1,NA,NA,NA,NA,NA,0
P74326,P74326_SYNY3 Ssr1600 protein OS=Synechocystis sp. (strain PCC 6803 / Kazusa) OX=1111708 GN=ssr1600 PE=4 SV=1,NA,NA,NA,NA,NA,0
P73175,P73175_SYNY3 CheY subfamily OS=Synechocystis sp. (strain PCC 6803 / Kazusa) OX=1111708 GN=sll1292 PE=4 SV=1,NA,NA,NA,NA,NA,0
P73489,P73489_SYNY3 Ssl2245 protein OS=Synechocystis sp. (strain PCC 6803 / Kazusa) OX=1111708 GN=ssl2245 PE=4 SV=1,NA,NA,NA,NA,NA,0
P74109,P74109_SYNY3 Sll1891 protein OS=Synechocystis sp. (strain PCC 6803 / Kazusa) OX=1111708 GN=sll1891 PE=4 SV=1,NA,NA,NA,NA,NA,0
P73628,Y1769_SYNY3 Probable thylakoid lumen protein sll1769 OS=Synechocystis sp. (strain PCC 6803 / Kazusa) OX=1111708 GN=sll1769 PE=3 SV=1,NA,NA,NA,NA,NA,0
P26533,ATPE_SYNY3 ATP synthase epsilon chain OS=Synechocystis sp. (strain PCC 6803 / Kazusa) OX=1111708 GN=atpC PE=1 SV=3,NA,NA,NA,NA,NA,0
Q55778,SYE_SYNY3 Glutamate--tRNA ligase OS=Synechocystis sp. (strain PCC 6803 / Kazusa) OX=1111708 GN=gltX PE=3 SV=1,NA,NA,NA,NA,NA,0
P73886,P73886_SYNY3 Ribosome-binding ATPase YchF OS=Synechocystis sp. (strain PCC 6803 / Kazusa) OX=1111708 GN=ychF PE=3 SV=1,NA,NA,NA,NA,NA,0
P36265,NUSG_SYNY3 Transcription termination/antitermination protein NusG OS=Synechocystis sp. (strain PCC 6803 / Kazusa) OX=1111708 GN=nusG PE=3 SV=1,NA,NA,NA,NA,NA,0
P73626,P73626_SYNY3 Sll1771 protein OS=Synechocystis sp. (strain PCC 6803 / Kazusa) OX=1111708 GN=sll1771 PE=4 SV=1,NA,NA,NA,NA,NA,0
P74342,FOLB_SYNY3 Probable dihydroneopterin aldolase OS=Synechocystis sp. (strain PCC 6803 / Kazusa) OX=1111708 GN=folB PE=3 SV=2,NA,NA,NA,NA,NA,0
P73480,P73480_SYNY3 Protochlorophillide reductase 57 kD subunit OS=Synechocystis sp. (strain PCC 6803 / Kazusa) OX=1111708 GN=bchB PE=4 SV=1,NA,NA,NA,NA,NA,0
P74447,P74447_SYNY3 Ferredoxin OS=Synechocystis sp. (strain PCC 6803 / Kazusa) OX=1111708 GN=slr0148 PE=4 SV=1,NA,NA,NA,NA,NA,0
Q55483,Q55483_SYNY3 Diadenylate cyclase OS=Synechocystis sp. (strain PCC 6803 / Kazusa) OX=1111708 GN=dacA PE=3 SV=1,NA,NA,NA,NA,NA,0
P72856,DPO3B_SYNY3 Beta sliding clamp OS=Synechocystis sp. (strain PCC 6803 / Kazusa) OX=1111708 GN=dnaN PE=3 SV=1,NA,NA,NA,NA,NA,0
P72720,GLMS_SYNY3 Glutamine--fructose-6-phosphate aminotransferase [isomerizing] OS=Synechocystis sp. (strain PCC 6803 / Kazusa) OX=1111708 GN=glmS PE=3 SV=3,NA,NA,NA,NA,NA,0
P74558,P74558_SYNY3 NifU protein OS=Synechocystis sp. (strain PCC 6803 / Kazusa) OX=1111708 GN=ssl2667 PE=4 SV=1,NA,NA,NA,NA,NA,0
P73882,Y46S_SYNY3 Uncharacterized protein ssl0461 OS=Synechocystis sp. (strain PCC 6803 / Kazusa) OX=1111708 GN=ssl0461 PE=4 SV=1,NA,NA,NA,NA,NA,0
P73960,LEU3_SYNY3 3-isopropylmalate dehydrogenase OS=Synechocystis sp. (strain PCC 6803 / Kazusa) OX=1111708 GN=leuB PE=3 SV=1,NA,NA,NA,NA,NA,0
P73601,P73601_SYNY3 Sll1784 protein OS=Synechocystis sp. (strain PCC 6803 / Kazusa) OX=1111708 GN=sll1784 PE=4 SV=1,NA,NA,NA,NA,NA,0
P74518,HPF_SYNY3 Ribosome hibernation promotion factor OS=Synechocystis sp. (strain PCC 6803 / Kazusa) OX=1111708 GN=hpf PE=3 SV=1,NA,NA,NA,NA,NA,0
P73681,P73681_SYNY3 Slr2144 protein OS=Synechocystis sp. (strain PCC 6803 / Kazusa) OX=1111708 GN=slr2144 PE=4 SV=1,NA,NA,NA,NA,NA,0
Q55457,Q55457_SYNY3 Slr0038 protein OS=Synechocystis sp. (strain PCC 6803 / Kazusa) OX=1111708 GN=slr0038 PE=4 SV=1,NA,NA,NA,NA,NA,0
P72712,PSAK1_SYNY3 Photosystem I reaction center subunit PsaK 1 OS=Synechocystis sp. (strain PCC 6803 / Kazusa) OX=1111708 GN=psaK1 PE=3 SV=1,NA,NA,NA,NA,NA,0
Q55894,THIC_SYNY3 Phosphomethylpyrimidine synthase OS=Synechocystis sp. (strain PCC 6803 / Kazusa) OX=1111708 GN=thiC PE=3 SV=1,NA,NA,NA,NA,NA,0
P55037,GLTB_SYNY3 Ferredoxin-dependent glutamate synthase 1 OS=Synechocystis sp. (strain PCC 6803 / Kazusa) OX=1111708 GN=gltB PE=1 SV=1,NA,NA,NA,NA,NA,0
P74725,P74725_SYNY3 Sll0577 protein OS=Synechocystis sp. (strain PCC 6803 / Kazusa) OX=1111708 GN=sll0577 PE=4 SV=1,NA,NA,NA,NA,NA,0
P73410,CYSK_SYNY3 Cysteine synthase OS=Synechocystis sp. (strain PCC 6803 / Kazusa) OX=1111708 GN=cysK PE=3 SV=2,NA,NA,NA,NA,NA,0
P73056,YC64L_SYNY3 Uncharacterized monothiol glutaredoxin ycf64-like OS=Synechocystis sp. (strain PCC 6803 / Kazusa) OX=1111708 GN=slr1846 PE=3 SV=1,NA,NA,NA,NA,NA,0
P74155,YIDC_SYNY3 Membrane protein insertase YidC OS=Synechocystis sp. (strain PCC 6803 / Kazusa) OX=1111708 GN=yidC PE=1 SV=1,NA,NA,NA,NA,NA,0
P74339,P74339_SYNY3 Slr1624 protein OS=Synechocystis sp. (strain PCC 6803 / Kazusa) OX=1111708 GN=slr1624 PE=4 SV=1,NA,NA,NA,NA,NA,0
P73672,ISPG_SYNY3 4-hydroxy-3-methylbut-2-en-1-yl diphosphate synthase (ferredoxin) OS=Synechocystis sp. (strain PCC 6803 / Kazusa) OX=1111708 GN=ispG PE=3 SV=1,NA,NA,NA,NA,NA,0
P74756,P74756_SYNY3 47 kD protein OS=Synechocystis sp. (strain PCC 6803 / Kazusa) OX=1111708 GN=slr0609 PE=4 SV=1,NA,NA,NA,NA,NA,0
P74214,SRP54_SYNY3 Signal recognition particle protein OS=Synechocystis sp. (strain PCC 6803 / Kazusa) OX=1111708 GN=ffh PE=3 SV=1,NA,NA,NA,NA,NA,0
P48576,LEU1_SYNY3 2-isopropylmalate synthase OS=Synechocystis sp. (strain PCC 6803 / Kazusa) OX=1111708 GN=leuA PE=3 SV=1,NA,NA,NA,NA,NA,0
P74465,P74465_SYNY3 Pilin biogenesis protein OS=Synechocystis sp. (strain PCC 6803 / Kazusa) OX=1111708 GN=pilC PE=3 SV=1,NA,NA,NA,NA,NA,0
P74470,P74470_SYNY3 Ssl0242 protein OS=Synechocystis sp. (strain PCC 6803 / Kazusa) OX=1111708 GN=ssl0242 PE=4 SV=1,NA,NA,NA,NA,NA,0
P73198,P73198_SYNY3 GumB protein OS=Synechocystis sp. (strain PCC 6803 / Kazusa) OX=1111708 GN=gumB PE=4 SV=1,NA,NA,NA,NA,NA,0
P73790,PHS_SYNY3 Putative pterin-4-alpha-carbinolamine dehydratase OS=Synechocystis sp. (strain PCC 6803 / Kazusa) OX=1111708 GN=ssl2296 PE=3 SV=1,NA,NA,NA,NA,NA,0
P72661,P72661_SYNY3 Malic enzyme OS=Synechocystis sp. (strain PCC 6803 / Kazusa) OX=1111708 GN=me PE=3 SV=1,NA,NA,NA,NA,NA,0
P74727,P74727_SYNY3 Slr0589 protein OS=Synechocystis sp. (strain PCC 6803 / Kazusa) OX=1111708 GN=slr0589 PE=4 SV=1,NA,NA,NA,NA,NA,0
P73424,P73424_SYNY3 Slr1540 protein OS=Synechocystis sp. (strain PCC 6803 / Kazusa) OX=1111708 GN=slr1540 PE=4 SV=1,NA,NA,NA,NA,NA,0
P73243,P73243_SYNY3 CheY subfamily OS=Synechocystis sp. (strain PCC 6803 / Kazusa) OX=1111708 GN=slr2024 PE=4 SV=1,NA,NA,NA,NA,NA,0
P48958,RL33_SYNY3 50S ribosomal protein L33 OS=Synechocystis sp. (strain PCC 6803 / Kazusa) OX=1111708 GN=rpmG PE=3 SV=1,NA,NA,NA,NA,NA,0
P74060,Y821_SYNY3 Putative sulfur carrier protein slr0821 OS=Synechocystis sp. (strain PCC 6803 / Kazusa) OX=1111708 GN=slr0821 PE=3 SV=1,NA,NA,NA,NA,NA,0
Q55412,Q55412_SYNY3 Slr0583 protein OS=Synechocystis sp. (strain PCC 6803 / Kazusa) OX=1111708 GN=slr0583 PE=4 SV=1,NA,NA,NA,NA,NA,0
Q55791,Y075_SYNY3 Probable ATP-dependent transporter slr0075 OS=Synechocystis sp. (strain PCC 6803 / Kazusa) OX=1111708 GN=slr0075 PE=3 SV=1,NA,NA,NA,NA,NA,0
P73655,SYW_SYNY3 Tryptophan--tRNA ligase OS=Synechocystis sp. (strain PCC 6803 / Kazusa) OX=1111708 GN=trpS PE=3 SV=2,NA,NA,NA,NA,NA,0
P73935,APT_SYNY3 Adenine phosphoribosyltransferase OS=Synechocystis sp. (strain PCC 6803 / Kazusa) OX=1111708 GN=apt PE=3 SV=1,NA,NA,NA,NA,NA,0
Q46363,ZAM_SYNY3 Acetazolamide conferring resistance protein zam OS=Synechocystis sp. (strain PCC 6803 / Kazusa) OX=1111708 GN=zam PE=3 SV=1,NA,NA,NA,NA,NA,0
P72808,P72808_SYNY3 Prephenate dehydratase OS=Synechocystis sp. (strain PCC 6803 / Kazusa) OX=1111708 GN=pheA PE=4 SV=1,NA,NA,NA,NA,NA,0
P74184,P74184_SYNY3 Slr1272 protein OS=Synechocystis sp. (strain PCC 6803 / Kazusa) OX=1111708 GN=slr1272 PE=4 SV=1,NA,NA,NA,NA,NA,0
P74682,P74682_SYNY3 Sll0446 protein OS=Synechocystis sp. (strain PCC 6803 / Kazusa) OX=1111708 GN=sll0446 PE=4 SV=1,NA,NA,NA,NA,NA,0
Q6YRW7,ARSI2_SYNY3 Arsenate reductase ArsI2 OS=Synechocystis sp. (strain PCC 6803 / Kazusa) OX=1111708 GN=arsI2 PE=3 SV=1,NA,NA,NA,NA,NA,0
P73879,Y264_SYNY3 Putative esterase slr0264 OS=Synechocystis sp. (strain PCC 6803 / Kazusa) OX=1111708 GN=slr0264 PE=3 SV=1,NA,NA,NA,NA,NA,0
P54148,Y537_SYNY3 Putative ammonium transporter sll0537 OS=Synechocystis sp. (strain PCC 6803 / Kazusa) OX=1111708 GN=sll0537 PE=3 SV=1,NA,NA,NA,NA,NA,0
P73196,P73196_SYNY3 DNA ligase OS=Synechocystis sp. (strain PCC 6803 / Kazusa) OX=1111708 GN=lig PE=4 SV=1,NA,NA,NA,NA,NA,0
P74124,P74124_SYNY3 Renin-binding protein OS=Synechocystis sp. (strain PCC 6803 / Kazusa) OX=1111708 GN=slr1975 PE=4 SV=1,NA,NA,NA,NA,NA,0
P74317,P74317_SYNY3 ABC transporter OS=Synechocystis sp. (strain PCC 6803 / Kazusa) OX=1111708 GN=sll0912 PE=4 SV=1,NA,NA,NA,NA,NA,0
P73328,P73328_SYNY3 Slr1900 protein OS=Synechocystis sp. (strain PCC 6803 / Kazusa) OX=1111708 GN=slr1900 PE=4 SV=1,NA,NA,NA,NA,NA,0
P72704,PPI1_SYNY3 Probable peptidyl-prolyl cis-trans isomerase sll0227 OS=Synechocystis sp. (strain PCC 6803 / Kazusa) OX=1111708 GN=sll0227 PE=3 SV=1,NA,NA,NA,NA,NA,0
P72817,Y1654_SYNY3 Universal stress protein Sll1654 OS=Synechocystis sp. (strain PCC 6803 / Kazusa) OX=1111708 GN=sll1654 PE=3 SV=1,NA,NA,NA,NA,NA,0
Q55650,Q55650_SYNY3 Slr0355 protein OS=Synechocystis sp. (strain PCC 6803 / Kazusa) OX=1111708 GN=slr0355 PE=4 SV=1,NA,NA,NA,NA,NA,0
Q55794,ARSA_SYNY3 Putative arsenical pump-driving ATPase OS=Synechocystis sp. (strain PCC 6803 / Kazusa) OX=1111708 GN=sll0086 PE=3 SV=1,NA,NA,NA,NA,NA,0
P73801,Y1261_SYNY3 Uncharacterized protein slr1261 OS=Synechocystis sp. (strain PCC 6803 / Kazusa) OX=1111708 GN=slr1261 PE=4 SV=1,NA,NA,NA,NA,NA,0
Q55807,Q55807_SYNY3 Slr0086 protein OS=Synechocystis sp. (strain PCC 6803 / Kazusa) OX=1111708 GN=slr0086 PE=3 SV=1,NA,NA,NA,NA,NA,0
P74708,P74708_SYNY3 Sll1109 protein OS=Synechocystis sp. (strain PCC 6803 / Kazusa) OX=1111708 GN=sll1109 PE=4 SV=1,NA,NA,NA,NA,NA,0
P73244,P73244_SYNY3 Slr2025 protein OS=Synechocystis sp. (strain PCC 6803 / Kazusa) OX=1111708 GN=slr2025 PE=4 SV=1,NA,NA,NA,NA,NA,0
Q59992,TRPB_SYNY3 Tryptophan synthase beta chain OS=Synechocystis sp. (strain PCC 6803 / Kazusa) OX=1111708 GN=trpB PE=3 SV=1,NA,NA,NA,NA,NA,0
Q55660,Q55660_SYNY3 Slr0001 protein OS=Synechocystis sp. (strain PCC 6803 / Kazusa) OX=1111708 GN=slr0001 PE=4 SV=1,NA,NA,NA,NA,NA,0
P72986,PSAM_SYNY3 Photosystem I reaction center subunit XII OS=Synechocystis sp. (strain PCC 6803 / Kazusa) OX=1111708 GN=psaM PE=1 SV=1,NA,NA,NA,NA,NA,0
P72834,P72834_SYNY3 UDP-glucose 6-dehydrogenase OS=Synechocystis sp. (strain PCC 6803 / Kazusa) OX=1111708 GN=slr1299 PE=3 SV=1,NA,NA,NA,NA,NA,0
P72756,P72756_SYNY3 Sll1033 protein OS=Synechocystis sp. (strain PCC 6803 / Kazusa) OX=1111708 GN=sll1033 PE=4 SV=1,NA,NA,NA,NA,NA,0
P73472,P73472_SYNY3 Chloroplast import-associated channel IAP75 OS=Synechocystis sp. (strain PCC 6803 / Kazusa) OX=1111708 GN=IAP75 PE=4 SV=1,NA,NA,NA,NA,NA,0
P73984,P73984_SYNY3 Slr2117 protein OS=Synechocystis sp. (strain PCC 6803 / Kazusa) OX=1111708 GN=slr2117 PE=4 SV=1,NA,NA,NA,NA,NA,0
P72675,P72675_SYNY3 Slr0731 protein OS=Synechocystis sp. (strain PCC 6803 / Kazusa) OX=1111708 GN=slr0731 PE=4 SV=1,NA,NA,NA,NA,NA,0
P74564,PSAK2_SYNY3 Photosystem I reaction center subunit PsaK 2 OS=Synechocystis sp. (strain PCC 6803 / Kazusa) OX=1111708 GN=psaK2 PE=1 SV=2,NA,NA,NA,NA,NA,0
P74176,P74176_SYNY3 HlyB family OS=Synechocystis sp. (strain PCC 6803 / Kazusa) OX=1111708 GN=hlyB PE=4 SV=1,NA,NA,NA,NA,NA,0
P73954,Y1513_SYNY3 Membrane-associated protein slr1513 OS=Synechocystis sp. (strain PCC 6803 / Kazusa) OX=1111708 GN=slr1513 PE=1 SV=1,NA,NA,NA,NA,NA,0
Q55584,Q55584_SYNY3 Cation or drug efflux system protein OS=Synechocystis sp. (strain PCC 6803 / Kazusa) OX=1111708 GN=slr0369 PE=3 SV=1,NA,NA,NA,NA,NA,0
P73211,ASPA_SYNY3 Probable aspartoacylase OS=Synechocystis sp. (strain PCC 6803 / Kazusa) OX=1111708 GN=slr1705 PE=3 SV=1,NA,NA,NA,NA,NA,0
P74772,P74772_SYNY3 Ssl1046 protein OS=Synechocystis sp. (strain PCC 6803 / Kazusa) OX=1111708 GN=ssl1046 PE=4 SV=1,NA,NA,NA,NA,NA,0
Q55484,DCDA_SYNY3 Diaminopimelate decarboxylase OS=Synechocystis sp. (strain PCC 6803 / Kazusa) OX=1111708 GN=lysA PE=3 SV=1,NA,NA,NA,NA,NA,0
P72776,PDXJ_SYNY3 Pyridoxine 5'-phosphate synthase OS=Synechocystis sp. (strain PCC 6803 / Kazusa) OX=1111708 GN=pdxJ PE=3 SV=2,NA,NA,NA,NA,NA,0
Q55862,Q55862_SYNY3 Sll0588 protein OS=Synechocystis sp. (strain PCC 6803 / Kazusa) OX=1111708 GN=sll0588 PE=4 SV=1,NA,NA,NA,NA,NA,0
Q55499,SSB1_SYNY3 Single-stranded DNA-binding protein 1 OS=Synechocystis sp. (strain PCC 6803 / Kazusa) OX=1111708 GN=ssb PE=3 SV=1,NA,NA,NA,NA,NA,0
Q6ZES9,Q6ZES9_SYNY3 Uncharacterized protein OS=Synechocystis sp. (strain PCC 6803 / Kazusa) OX=1111708 GN=slr5051 PE=4 SV=1,NA,NA,NA,NA,NA,0
P73720,OPCA_SYNY3 Putative OxPP cycle protein OpcA OS=Synechocystis sp. (strain PCC 6803 / Kazusa) OX=1111708 GN=opcA PE=4 SV=1,NA,NA,NA,NA,NA,0
Q55160,Q55160_SYNY3 Biotin carboxylase OS=Synechocystis sp. (strain PCC 6803 / Kazusa) OX=1111708 GN=accC PE=4 SV=1,NA,NA,NA,NA,NA,0
P73292,RL31_SYNY3 50S ribosomal protein L31 OS=Synechocystis sp. (strain PCC 6803 / Kazusa) OX=1111708 GN=rpmE PE=3 SV=1,NA,NA,NA,NA,NA,0
P73008,P73008_SYNY3 Methyl-accepting chemotaxis protein OS=Synechocystis sp. (strain PCC 6803 / Kazusa) OX=1111708 GN=mcpA PE=4 SV=1,NA,NA,NA,NA,NA,0
P73213,P73213_SYNY3 Ssr2857 protein OS=Synechocystis sp. (strain PCC 6803 / Kazusa) OX=1111708 GN=ssr2857 PE=1 SV=1,NA,NA,NA,NA,NA,0
Q55450,GATC_SYNY3 Glutamyl-tRNA(Gln) amidotransferase subunit C OS=Synechocystis sp. (strain PCC 6803 / Kazusa) OX=1111708 GN=gatC PE=3 SV=1,NA,NA,NA,NA,NA,0
P73735,NDBB_SYNY3 Demethylphylloquinone reductase NdbB OS=Synechocystis sp. (strain PCC 6803 / Kazusa) OX=1111708 GN=ndbB PE=1 SV=1,NA,NA,NA,NA,NA,0
P72710,P72710_SYNY3 ABC transporter OS=Synechocystis sp. (strain PCC 6803 / Kazusa) OX=1111708 GN=slr0251 PE=4 SV=1,NA,NA,NA,NA,NA,0
Q55780,Q55780_SYNY3 Peptidylprolyl isomerase OS=Synechocystis sp. (strain PCC 6803 / Kazusa) OX=1111708 GN=slr0208 PE=4 SV=1,NA,NA,NA,NA,NA,0
Q55746,LPXA_SYNY3 Acyl-[acyl-carrier-protein]--UDP-N-acetylglucosamine O-acyltransferase OS=Synechocystis sp. (strain PCC 6803 / Kazusa) OX=1111708 GN=lpxA PE=3 SV=2,NA,NA,NA,NA,NA,0
P72753,UPP_SYNY3 Uracil phosphoribosyltransferase OS=Synechocystis sp. (strain PCC 6803 / Kazusa) OX=1111708 GN=upp PE=3 SV=1,NA,NA,NA,NA,NA,0
P74069,NDHN_SYNY3 NAD(P)H-quinone oxidoreductase subunit N OS=Synechocystis sp. (strain PCC 6803 / Kazusa) OX=1111708 GN=ndhN PE=1 SV=1,NA,NA,NA,NA,NA,0
P73619,P73619_SYNY3 Sll1775 protein OS=Synechocystis sp. (strain PCC 6803 / Kazusa) OX=1111708 GN=sll1775 PE=4 SV=1,NA,NA,NA,NA,NA,0
P23353,AROC_SYNY3 Chorismate synthase OS=Synechocystis sp. (strain PCC 6803 / Kazusa) OX=1111708 GN=aroC PE=3 SV=2,NA,NA,NA,NA,NA,0
Q55497,OTC_SYNY3 Ornithine carbamoyltransferase OS=Synechocystis sp. (strain PCC 6803 / Kazusa) OX=1111708 GN=argF PE=3 SV=1,NA,NA,NA,NA,NA,0
P73004,P73004_SYNY3 Long-chain-fatty-acid CoA ligase OS=Synechocystis sp. (strain PCC 6803 / Kazusa) OX=1111708 GN=slr1609 PE=4 SV=1,NA,NA,NA,NA,NA,0
P74685,P74685_SYNY3 Sll0443 protein OS=Synechocystis sp. (strain PCC 6803 / Kazusa) OX=1111708 GN=sll0443 PE=4 SV=1,NA,NA,NA,NA,NA,0
P54147,Y108_SYNY3 Putative ammonium transporter sll0108 OS=Synechocystis sp. (strain PCC 6803 / Kazusa) OX=1111708 GN=sll0108 PE=3 SV=1,NA,NA,NA,NA,NA,0
P72699,Y230_SYNY3 UPF0045 protein sll0230 OS=Synechocystis sp. (strain PCC 6803 / Kazusa) OX=1111708 GN=sll0230 PE=3 SV=1,NA,NA,NA,NA,NA,0
P74027,P74027_SYNY3 Slr1334 protein OS=Synechocystis sp. (strain PCC 6803 / Kazusa) OX=1111708 GN=slr1334 PE=3 SV=1,NA,NA,NA,NA,NA,0
Q55790,Y074_SYNY3 UPF0051 protein slr0074 OS=Synechocystis sp. (strain PCC 6803 / Kazusa) OX=1111708 GN=slr0074 PE=3 SV=1,NA,NA,NA,NA,NA,0
Q55716,SYGA_SYNY3 Glycine--tRNA ligase alpha subunit OS=Synechocystis sp. (strain PCC 6803 / Kazusa) OX=1111708 GN=glyQ PE=3 SV=1,NA,NA,NA,NA,NA,0
P73873,P73873_SYNY3 Sll0253 protein OS=Synechocystis sp. (strain PCC 6803 / Kazusa) OX=1111708 GN=sll0253 PE=4 SV=1,NA,NA,NA,NA,NA,0
Q55653,SYH_SYNY3 Histidine--tRNA ligase OS=Synechocystis sp. (strain PCC 6803 / Kazusa) OX=1111708 GN=hisS PE=3 SV=1,NA,NA,NA,NA,NA,0
Q57473,Q57473_SYNY3 Sll0318 protein OS=Synechocystis sp. (strain PCC 6803 / Kazusa) OX=1111708 GN=sll0318 PE=4 SV=1,NA,NA,NA,NA,NA,0
P73602,Y1783_SYNY3 Uncharacterized protein sll1783 OS=Synechocystis sp. (strain PCC 6803 / Kazusa) OX=1111708 GN=sll1783 PE=3 SV=1,NA,NA,NA,NA,NA,0
Q55984,Q55984_SYNY3 Sll0659 protein OS=Synechocystis sp. (strain PCC 6803 / Kazusa) OX=1111708 GN=sll0659 PE=4 SV=1,NA,NA,NA,NA,NA,0
Q55679,Q55679_SYNY3 Aspartate aminotransferase OS=Synechocystis sp. (strain PCC 6803 / Kazusa) OX=1111708 GN=aspC PE=4 SV=1,NA,NA,NA,NA,NA,0
Q57208,Y014_SYNY3 Uncharacterized protein slr0014 OS=Synechocystis sp. (strain PCC 6803 / Kazusa) OX=1111708 GN=slr0014 PE=3 SV=1,NA,NA,NA,NA,NA,0
Q55487,Y501_SYNY3 Uncharacterized glycosyltransferase sll0501 OS=Synechocystis sp. (strain PCC 6803 / Kazusa) OX=1111708 GN=sll0501 PE=1 SV=1,NA,NA,NA,NA,NA,0
P73509,P73509_SYNY3 Sll1359 protein OS=Synechocystis sp. (strain PCC 6803 / Kazusa) OX=1111708 GN=sll1359 PE=4 SV=1,NA,NA,NA,NA,NA,0
Q55900,MIND_SYNY3 Septum site-determining protein MinD OS=Synechocystis sp. (strain PCC 6803 / Kazusa) OX=1111708 GN=minD PE=3 SV=1,NA,NA,NA,NA,NA,0
Q6ZEU6,Q6ZEU6_SYNY3 Sll5034 protein OS=Synechocystis sp. (strain PCC 6803 / Kazusa) OX=1111708 GN=sll5034 PE=4 SV=1,NA,NA,NA,NA,NA,0
Q6ZEK3,Q6ZEK3_SYNY3 Uncharacterized protein OS=Synechocystis sp. (strain PCC 6803 / Kazusa) OX=1111708 GN=slr5127 PE=4 SV=1,NA,NA,NA,NA,NA,0
P73680,P73680_SYNY3 Sll2002 protein OS=Synechocystis sp. (strain PCC 6803 / Kazusa) OX=1111708 GN=sll2002 PE=4 SV=1,NA,NA,NA,NA,NA,0
Q55187,SYFA_SYNY3 Phenylalanine--tRNA ligase alpha subunit OS=Synechocystis sp. (strain PCC 6803 / Kazusa) OX=1111708 GN=pheS PE=3 SV=1,NA,NA,NA,NA,NA,0
Q55786,METH_SYNY3 Methionine synthase OS=Synechocystis sp. (strain PCC 6803 / Kazusa) OX=1111708 GN=metH PE=3 SV=1,NA,NA,NA,NA,NA,0
Q55848,KPRS_SYNY3 Ribose-phosphate pyrophosphokinase OS=Synechocystis sp. (strain PCC 6803 / Kazusa) OX=1111708 GN=prs PE=3 SV=1,NA,NA,NA,NA,NA,0
P73010,P73010_SYNY3 Sec-independent protein translocase protein TatA OS=Synechocystis sp. (strain PCC 6803 / Kazusa) OX=1111708 GN=tatA PE=3 SV=1,NA,NA,NA,NA,NA,0
P73445,P73445_SYNY3 Sll1456 protein OS=Synechocystis sp. (strain PCC 6803 / Kazusa) OX=1111708 GN=sll1456 PE=4 SV=1,NA,NA,NA,NA,NA,0
P74440,P74440_SYNY3 Slr0408 protein OS=Synechocystis sp. (strain PCC 6803 / Kazusa) OX=1111708 GN=slr0408 PE=4 SV=1,NA,NA,NA,NA,NA,0
P74454,P74454_SYNY3 Sll0147 protein OS=Synechocystis sp. (strain PCC 6803 / Kazusa) OX=1111708 GN=sll0147 PE=4 SV=1,NA,NA,NA,NA,NA,0
P74500,P74500_SYNY3 Slr1940 protein OS=Synechocystis sp. (strain PCC 6803 / Kazusa) OX=1111708 GN=slr1940 PE=4 SV=1,NA,NA,NA,NA,NA,0
P48944,RS14_SYNY3 30S ribosomal protein S14 OS=Synechocystis sp. (strain PCC 6803 / Kazusa) OX=1111708 GN=rpsN PE=3 SV=1,NA,NA,NA,NA,NA,0
Q55403,Y575_SYNY3 Thylakoid membrane protein slr0575 OS=Synechocystis sp. (strain PCC 6803 / Kazusa) OX=1111708 GN=slr0575 PE=4 SV=1,NA,NA,NA,NA,NA,0
P73796,URE3_SYNY3 Urease subunit gamma OS=Synechocystis sp. (strain PCC 6803 / Kazusa) OX=1111708 GN=ureA PE=3 SV=1,NA,NA,NA,NA,NA,0
P74395,NUSB_SYNY3 Transcription antitermination protein NusB OS=Synechocystis sp. (strain PCC 6803 / Kazusa) OX=1111708 GN=nusB PE=3 SV=2,NA,NA,NA,NA,NA,0
P73129,P73129_SYNY3 Ssr1698 protein OS=Synechocystis sp. (strain PCC 6803 / Kazusa) OX=1111708 GN=ssr1698 PE=4 SV=1,NA,NA,NA,NA,NA,0
P74506,P74506_SYNY3 Slr1944 protein OS=Synechocystis sp. (strain PCC 6803 / Kazusa) OX=1111708 GN=slr1944 PE=4 SV=1,NA,NA,NA,NA,NA,0
Q55470,Y514_SYNY3 Uncharacterized protein sll0514 OS=Synechocystis sp. (strain PCC 6803 / Kazusa) OX=1111708 GN=sll0514 PE=4 SV=1,NA,NA,NA,NA,NA,0
Q6ZEF5,Q6ZEF5_SYNY3 Uncharacterized protein OS=Synechocystis sp. (strain PCC 6803 / Kazusa) OX=1111708 GN=sll7043 PE=4 SV=1,NA,NA,NA,NA,NA,0
Q55887,Q55887_SYNY3 Slr0111 protein OS=Synechocystis sp. (strain PCC 6803 / Kazusa) OX=1111708 GN=slr0111 PE=4 SV=1,NA,NA,NA,NA,NA,0
P73257,ARLY_SYNY3 Argininosuccinate lyase OS=Synechocystis sp. (strain PCC 6803 / Kazusa) OX=1111708 GN=argH PE=3 SV=1,NA,NA,NA,NA,NA,0
P73068,RUBR_SYNY3 Rubredoxin OS=Synechocystis sp. (strain PCC 6803 / Kazusa) OX=1111708 GN=rub PE=3 SV=1,NA,NA,NA,NA,NA,0
P73769,MUTS_SYNY3 DNA mismatch repair protein MutS OS=Synechocystis sp. (strain PCC 6803 / Kazusa) OX=1111708 GN=mutS PE=3 SV=2,NA,NA,NA,NA,NA,0
P53383,APBC_SYNY3 Iron-sulfur cluster carrier protein OS=Synechocystis sp. (strain PCC 6803 / Kazusa) OX=1111708 GN=mrp PE=3 SV=1,NA,NA,NA,NA,NA,0
P52276,SYN_SYNY3 Asparagine--tRNA ligase OS=Synechocystis sp. (strain PCC 6803 / Kazusa) OX=1111708 GN=asnS PE=3 SV=2,NA,NA,NA,NA,NA,0
P72807,P72807_SYNY3 Sll1663 protein OS=Synechocystis sp. (strain PCC 6803 / Kazusa) OX=1111708 GN=sll1663 PE=4 SV=1,NA,NA,NA,NA,NA,0
P73145,SSB2_SYNY3 Thylakoid-associated single-stranded DNA-binding protein slr1034 OS=Synechocystis sp. (strain PCC 6803 / Kazusa) OX=1111708 GN=slr1034 PE=1 SV=1,NA,NA,NA,NA,NA,0
P74154,P74154_SYNY3 Slr1470 protein OS=Synechocystis sp. (strain PCC 6803 / Kazusa) OX=1111708 GN=slr1470 PE=4 SV=1,NA,NA,NA,NA,NA,0
P73826,PHAB_SYNY3 Acetoacetyl-CoA reductase OS=Synechocystis sp. (strain PCC 6803 / Kazusa) OX=1111708 GN=phaB PE=1 SV=1,NA,NA,NA,NA,NA,0
Q6YRT3,Q6YRT3_SYNY3 Slr6012 protein OS=Synechocystis sp. (strain PCC 6803 / Kazusa) OX=1111708 GN=slr6012 PE=4 SV=1,NA,NA,NA,NA,NA,0
P49995,DNAA_SYNY3 Chromosomal replication initiator protein DnaA OS=Synechocystis sp. (strain PCC 6803 / Kazusa) OX=1111708 GN=dnaA PE=3 SV=2,NA,NA,NA,NA,NA,0
Q55954,Q55954_SYNY3 Sll0780 protein OS=Synechocystis sp. (strain PCC 6803 / Kazusa) OX=1111708 GN=sll0780 PE=4 SV=1,NA,NA,NA,NA,NA,0
Q55527,Q55527_SYNY3 CheA like protein OS=Synechocystis sp. (strain PCC 6803 / Kazusa) OX=1111708 GN=slr0322 PE=4 SV=1,NA,NA,NA,NA,NA,0
Q55712,Q55712_SYNY3 Slr0635 protein OS=Synechocystis sp. (strain PCC 6803 / Kazusa) OX=1111708 GN=slr0635 PE=3 SV=1,NA,NA,NA,NA,NA,0
P72942,EXBD_SYNY3 Putative biopolymer transport protein ExbD OS=Synechocystis sp. (strain PCC 6803 / Kazusa) OX=1111708 GN=slr0678 PE=3 SV=1,NA,NA,NA,NA,NA,0
P73689,SPPA_SYNY3 Protease 4 OS=Synechocystis sp. (strain PCC 6803 / Kazusa) OX=1111708 GN=sppA PE=3 SV=1,NA,NA,NA,NA,NA,0
Q55752,RLPA_SYNY3 Probable endolytic peptidoglycan transglycosylase RlpA OS=Synechocystis sp. (strain PCC 6803 / Kazusa) OX=1111708 GN=rlpA PE=3 SV=1,NA,NA,NA,NA,NA,0
Q55549,Q55549_SYNY3 Slr0168 protein OS=Synechocystis sp. (strain PCC 6803 / Kazusa) OX=1111708 GN=slr0168 PE=4 SV=1,NA,NA,NA,NA,NA,0
P58236,Y761_SYNY3 Uncharacterized protein ssr0761 OS=Synechocystis sp. (strain PCC 6803 / Kazusa) OX=1111708 GN=ssr0761 PE=3 SV=1,NA,NA,NA,NA,NA,0
Q55551,Q55551_SYNY3 Ycf37 gene product OS=Synechocystis sp. (strain PCC 6803 / Kazusa) OX=1111708 GN=ycf37 PE=4 SV=1,NA,NA,NA,NA,NA,0
Q55582,Q55582_SYNY3 Slr0364 protein OS=Synechocystis sp. (strain PCC 6803 / Kazusa) OX=1111708 GN=slr0364 PE=4 SV=1,NA,NA,NA,NA,NA,0
P73560,GCSH_SYNY3 Glycine cleavage system H protein OS=Synechocystis sp. (strain PCC 6803 / Kazusa) OX=1111708 GN=gcvH PE=3 SV=1,NA,NA,NA,NA,NA,0
P73867,KDPB_SYNY3 Potassium-transporting ATPase ATP-binding subunit OS=Synechocystis sp. (strain PCC 6803 / Kazusa) OX=1111708 GN=kdpB PE=3 SV=1,NA,NA,NA,NA,NA,0
P37979,ICFG_SYNY3 Protein IcfG OS=Synechocystis sp. (strain PCC 6803 / Kazusa) OX=1111708 GN=icfG PE=4 SV=2,NA,NA,NA,NA,NA,0
P74182,P74182_SYNY3 Slr1270 protein OS=Synechocystis sp. (strain PCC 6803 / Kazusa) OX=1111708 GN=slr1270 PE=1 SV=1,NA,NA,NA,NA,NA,0
Q55906,Q55906_SYNY3 Slr0302 protein OS=Synechocystis sp. (strain PCC 6803 / Kazusa) OX=1111708 GN=slr0302 PE=4 SV=1,NA,NA,NA,NA,NA,0
Q55787,RSMG_SYNY3 Ribosomal RNA small subunit methyltransferase G OS=Synechocystis sp. (strain PCC 6803 / Kazusa) OX=1111708 GN=rsmG PE=3 SV=1,NA,NA,NA,NA,NA,0
P72896,P72896_SYNY3 Slr1618 protein OS=Synechocystis sp. (strain PCC 6803 / Kazusa) OX=1111708 GN=slr1618 PE=4 SV=1,NA,NA,NA,NA,NA,0
Q55141,ILVH_SYNY3 Acetolactate synthase small subunit OS=Synechocystis sp. (strain PCC 6803 / Kazusa) OX=1111708 GN=ilvH PE=3 SV=2,NA,NA,NA,NA,NA,0
P73934,P73934_SYNY3 Slr2105 protein OS=Synechocystis sp. (strain PCC 6803 / Kazusa) OX=1111708 GN=slr2105 PE=4 SV=1,NA,NA,NA,NA,NA,0
P74582,ACNB_SYNY3 Aconitate hydratase B OS=Synechocystis sp. (strain PCC 6803 / Kazusa) OX=1111708 GN=acnB PE=3 SV=1,NA,NA,NA,NA,NA,0
Q55875,Q55875_SYNY3 Sll0102 protein OS=Synechocystis sp. (strain PCC 6803 / Kazusa) OX=1111708 GN=sll0102 PE=4 SV=1,NA,NA,NA,NA,NA,0
P74705,P74705_SYNY3 Slr1178 protein OS=Synechocystis sp. (strain PCC 6803 / Kazusa) OX=1111708 GN=slr1178 PE=4 SV=1,NA,NA,NA,NA,NA,0
Q6ZEL9,Q6ZEL9_SYNY3 Uncharacterized protein OS=Synechocystis sp. (strain PCC 6803 / Kazusa) OX=1111708 GN=slr5111 PE=4 SV=1,NA,NA,NA,NA,NA,0
P73035,P73035_SYNY3 Hybrid sensory kinase OS=Synechocystis sp. (strain PCC 6803 / Kazusa) OX=1111708 GN=slr1759 PE=4 SV=1,NA,NA,NA,NA,NA,0
P73040,P73040_SYNY3 Slr1763 protein OS=Synechocystis sp. (strain PCC 6803 / Kazusa) OX=1111708 GN=slr1763 PE=4 SV=1,NA,NA,NA,NA,NA,0
Q59987,POR_SYNY3 Light-dependent protochlorophyllide reductase OS=Synechocystis sp. (strain PCC 6803 / Kazusa) OX=1111708 GN=por PE=3 SV=2,NA,NA,NA,NA,NA,0
P73668,MURD_SYNY3 UDP-N-acetylmuramoylalanine--D-glutamate ligase OS=Synechocystis sp. (strain PCC 6803 / Kazusa) OX=1111708 GN=murD PE=3 SV=1,NA,NA,NA,NA,NA,0
Q55150,Q55150_SYNY3 Slr0059 protein OS=Synechocystis sp. (strain PCC 6803 / Kazusa) OX=1111708 GN=slr0059 PE=4 SV=1,NA,NA,NA,NA,NA,0
P72780,HHOA_SYNY3 Putative serine protease HhoA OS=Synechocystis sp. (strain PCC 6803 / Kazusa) OX=1111708 GN=hhoA PE=1 SV=1,NA,NA,NA,NA,NA,0
P73058,HISX1_SYNY3 Histidinol dehydrogenase 1 OS=Synechocystis sp. (strain PCC 6803 / Kazusa) OX=1111708 GN=hisD1 PE=3 SV=1,NA,NA,NA,NA,NA,0
Q6ZE43,Q6ZE43_SYNY3 Type I site-specific deoxyribonuclease chain R OS=Synechocystis sp. (strain PCC 6803 / Kazusa) OX=1111708 GN=sll8049 PE=4 SV=1,NA,NA,NA,NA,NA,0
P72794,CYSH_SYNY3 Phosphoadenosine phosphosulfate reductase OS=Synechocystis sp. (strain PCC 6803 / Kazusa) OX=1111708 GN=cysH PE=3 SV=1,NA,NA,NA,NA,NA,0
P74503,KACL2_SYNY3 KaiC-like protein 2 OS=Synechocystis sp. (strain PCC 6803 / Kazusa) OX=1111708 GN=slr1942 PE=3 SV=1,NA,NA,NA,NA,NA,0
P72939,P72939_SYNY3 Alkaline phosphatase OS=Synechocystis sp. (strain PCC 6803 / Kazusa) OX=1111708 GN=sll0654 PE=4 SV=1,NA,NA,NA,NA,NA,0
Q55729,SYM_SYNY3 Methionine--tRNA ligase OS=Synechocystis sp. (strain PCC 6803 / Kazusa) OX=1111708 GN=metG PE=3 SV=1,NA,NA,NA,NA,NA,0
P74686,P74686_SYNY3 Antiviral protein OS=Synechocystis sp. (strain PCC 6803 / Kazusa) OX=1111708 GN=ski2 PE=4 SV=1,NA,NA,NA,NA,NA,0
Q6ZEI8,Q6ZEI8_SYNY3 Uncharacterized protein OS=Synechocystis sp. (strain PCC 6803 / Kazusa) OX=1111708 GN=slr7010 PE=4 SV=1,NA,NA,NA,NA,NA,0
Q6ZED8,Q6ZED8_SYNY3 Slr7060 protein OS=Synechocystis sp. (strain PCC 6803 / Kazusa) OX=1111708 GN=slr7060 PE=4 SV=1,NA,NA,NA,NA,NA,0
Q55843,PURQ_SYNY3 Phosphoribosylformylglycinamidine synthase subunit PurQ OS=Synechocystis sp. (strain PCC 6803 / Kazusa) OX=1111708 GN=purQ PE=3 SV=1,NA,NA,NA,NA,NA,0
P73155,P73155_SYNY3 Slr1039 protein OS=Synechocystis sp. (strain PCC 6803 / Kazusa) OX=1111708 GN=slr1039 PE=4 SV=1,NA,NA,NA,NA,NA,0
P73170,P73170_SYNY3 Phenoxybenzoate dioxygenase OS=Synechocystis sp. (strain PCC 6803 / Kazusa) OX=1111708 GN=pobA PE=4 SV=1,NA,NA,NA,NA,NA,0
P74303,P74303_SYNY3 Slr0938 protein OS=Synechocystis sp. (strain PCC 6803 / Kazusa) OX=1111708 GN=slr0938 PE=4 SV=1,NA,NA,NA,NA,NA,0
P73050,P73050_SYNY3 Ferripyochelin binding protein OS=Synechocystis sp. (strain PCC 6803 / Kazusa) OX=1111708 GN=fbp PE=4 SV=1,NA,NA,NA,NA,NA,0
P72595,P72595_SYNY3 Regulatory protein PchR OS=Synechocystis sp. (strain PCC 6803 / Kazusa) OX=1111708 GN=pchR PE=4 SV=1,NA,NA,NA,NA,NA,0
P73845,P73845_SYNY3 Sll1608 protein OS=Synechocystis sp. (strain PCC 6803 / Kazusa) OX=1111708 GN=sll1608 PE=4 SV=1,NA,NA,NA,NA,NA,0
P74605,P74605_SYNY3 Slr1572 protein OS=Synechocystis sp. (strain PCC 6803 / Kazusa) OX=1111708 GN=slr1572 PE=4 SV=1,NA,NA,NA,NA,NA,0
P74232,PUR2_SYNY3 Phosphoribosylamine--glycine ligase OS=Synechocystis sp. (strain PCC 6803 / Kazusa) OX=1111708 GN=purD PE=3 SV=1,NA,NA,NA,NA,NA,0
P74577,P74577_SYNY3 Sll0623 protein OS=Synechocystis sp. (strain PCC 6803 / Kazusa) OX=1111708 GN=sll0623 PE=4 SV=1,NA,NA,NA,NA,NA,0
Q55847,Q55847_SYNY3 Sll0470 protein OS=Synechocystis sp. (strain PCC 6803 / Kazusa) OX=1111708 GN=sll0470 PE=4 SV=1,NA,NA,NA,NA,NA,0
Q55804,CRHR_SYNY3 RNA helicase CrhR OS=Synechocystis sp. (strain PCC 6803 / Kazusa) OX=1111708 GN=crhR PE=1 SV=1,NA,NA,NA,NA,NA,0
P74747,P74747_SYNY3 Slr0601 protein OS=Synechocystis sp. (strain PCC 6803 / Kazusa) OX=1111708 GN=slr0601 PE=4 SV=1,NA,NA,NA,NA,NA,0
P73365,P73365_SYNY3 PatA subfamily OS=Synechocystis sp. (strain PCC 6803 / Kazusa) OX=1111708 GN=slr1214 PE=4 SV=1,NA,NA,NA,NA,NA,0
P73385,P73385_SYNY3 Sll1739 protein OS=Synechocystis sp. (strain PCC 6803 / Kazusa) OX=1111708 GN=sll1739 PE=4 SV=1,NA,NA,NA,NA,NA,0
P72810,P72810_SYNY3 Sll1660 protein OS=Synechocystis sp. (strain PCC 6803 / Kazusa) OX=1111708 GN=sll1660 PE=4 SV=1,NA,NA,NA,NA,NA,0
P73661,P73661_SYNY3 Slr1888 protein OS=Synechocystis sp. (strain PCC 6803 / Kazusa) OX=1111708 GN=slr1888 PE=4 SV=1,NA,NA,NA,NA,NA,0
P74698,P74698_SYNY3 Slr0459 protein OS=Synechocystis sp. (strain PCC 6803 / Kazusa) OX=1111708 GN=slr0459 PE=4 SV=1,NA,NA,NA,NA,NA,0
Q6ZEW5,Q6ZEW5_SYNY3 Uncharacterized protein OS=Synechocystis sp. (strain PCC 6803 / Kazusa) OX=1111708 GN=ssl5015 PE=4 SV=1,NA,NA,NA,NA,NA,0
P73264,P73264_SYNY3 3-amino-5-hydroxybenzoic acid synthase OS=Synechocystis sp. (strain PCC 6803 / Kazusa) OX=1111708 GN=slr1140 PE=3 SV=1,NA,NA,NA,NA,NA,0
P74162,P74162_SYNY3 Sll1380 protein OS=Synechocystis sp. (strain PCC 6803 / Kazusa) OX=1111708 GN=sll1380 PE=4 SV=1,NA,NA,NA,NA,NA,0
P73288,P73288_SYNY3 Aklaviketone reductase OS=Synechocystis sp. (strain PCC 6803 / Kazusa) OX=1111708 GN=sll1825 PE=4 SV=1,NA,NA,NA,NA,NA,0
P73862,P73862_SYNY3 Rubisco operon transcriptional regulator OS=Synechocystis sp. (strain PCC 6803 / Kazusa) OX=1111708 GN=rbcR PE=1 SV=1,NA,NA,NA,NA,NA,0
Q55422,PUR5_SYNY3 Phosphoribosylformylglycinamidine cyclo-ligase OS=Synechocystis sp. (strain PCC 6803 / Kazusa) OX=1111708 GN=purM PE=3 SV=1,NA,NA,NA,NA,NA,0
P72985,P72985_SYNY3 Slr1600 protein OS=Synechocystis sp. (strain PCC 6803 / Kazusa) OX=1111708 GN=slr1600 PE=4 SV=1,NA,NA,NA,NA,NA,0
P77960,TRPA_SYNY3 Tryptophan synthase alpha chain OS=Synechocystis sp. (strain PCC 6803 / Kazusa) OX=1111708 GN=trpA PE=3 SV=1,NA,NA,NA,NA,NA,0
P74473,P74473_SYNY3 Slr1923 protein OS=Synechocystis sp. (strain PCC 6803 / Kazusa) OX=1111708 GN=slr1923 PE=4 SV=1,NA,NA,NA,NA,NA,0
P26525,NDHI_SYNY3 NAD(P)H-quinone oxidoreductase subunit I OS=Synechocystis sp. (strain PCC 6803 / Kazusa) OX=1111708 GN=ndhI PE=1 SV=1,NA,NA,NA,NA,NA,0
P74645,KAIB_SYNY3 Circadian clock protein KaiB OS=Synechocystis sp. (strain PCC 6803 / Kazusa) OX=1111708 GN=kaiB PE=1 SV=1,NA,NA,NA,NA,NA,0
P73413,P73413_SYNY3 Sll1717 protein OS=Synechocystis sp. (strain PCC 6803 / Kazusa) OX=1111708 GN=sll1717 PE=4 SV=1,NA,NA,NA,NA,NA,0
P74208,PYRG_SYNY3 CTP synthase OS=Synechocystis sp. (strain PCC 6803 / Kazusa) OX=1111708 GN=pyrG PE=3 SV=1,NA,NA,NA,NA,NA,0
Q55507,Q55507_SYNY3 Ammonium transport protein OS=Synechocystis sp. (strain PCC 6803 / Kazusa) OX=1111708 GN=cysQ PE=4 SV=1,NA,NA,NA,NA,NA,0
P74528,MURC_SYNY3 UDP-N-acetylmuramate--L-alanine ligase OS=Synechocystis sp. (strain PCC 6803 / Kazusa) OX=1111708 GN=murC PE=3 SV=1,NA,NA,NA,NA,NA,0
P73473,RF3_SYNY3 Peptide chain release factor 3 OS=Synechocystis sp. (strain PCC 6803 / Kazusa) OX=1111708 GN=prfC PE=3 SV=1,NA,NA,NA,NA,NA,0
P73393,P73393_SYNY3 Sll1734 protein OS=Synechocystis sp. (strain PCC 6803 / Kazusa) OX=1111708 GN=sll1734 PE=4 SV=1,NA,NA,NA,NA,NA,0
P73618,DEOC_SYNY3 Deoxyribose-phosphate aldolase OS=Synechocystis sp. (strain PCC 6803 / Kazusa) OX=1111708 GN=deoC PE=3 SV=1,NA,NA,NA,NA,NA,0
Q55690,SYGB_SYNY3 Glycine--tRNA ligase beta subunit OS=Synechocystis sp. (strain PCC 6803 / Kazusa) OX=1111708 GN=glyS PE=3 SV=1,NA,NA,NA,NA,NA,0
P72964,P72964_SYNY3 Ycf45 protein OS=Synechocystis sp. (strain PCC 6803 / Kazusa) OX=1111708 GN=ycf45 PE=4 SV=1,NA,NA,NA,NA,NA,0
P73921,P73921_SYNY3 Sll1979 protein OS=Synechocystis sp. (strain PCC 6803 / Kazusa) OX=1111708 GN=sll1979 PE=4 SV=1,NA,NA,NA,NA,NA,0
P74186,P74186_SYNY3 Membrane protein OS=Synechocystis sp. (strain PCC 6803 / Kazusa) OX=1111708 GN=pilM PE=4 SV=1,NA,NA,NA,NA,NA,0
P74021,P74021_SYNY3 Hydrogenase small subunit OS=Synechocystis sp. (strain PCC 6803 / Kazusa) OX=1111708 GN=hoxY PE=4 SV=1,NA,NA,NA,NA,NA,0
P55175,NIT1_SYNY3 Deaminated glutathione amidase OS=Synechocystis sp. (strain PCC 6803 / Kazusa) OX=1111708 GN=sll0601 PE=3 SV=1,NA,NA,NA,NA,NA,0
P73096,P73096_SYNY3 Slr2053 protein OS=Synechocystis sp. (strain PCC 6803 / Kazusa) OX=1111708 GN=slr2053 PE=4 SV=1,NA,NA,NA,NA,NA,0
P26522,NU1C_SYNY3 NAD(P)H-quinone oxidoreductase subunit 1 OS=Synechocystis sp. (strain PCC 6803 / Kazusa) OX=1111708 GN=ndhA PE=3 SV=2,NA,NA,NA,NA,NA,0
Q55513,DAPA_SYNY3 4-hydroxy-tetrahydrodipicolinate synthase OS=Synechocystis sp. (strain PCC 6803 / Kazusa) OX=1111708 GN=dapA PE=3 SV=1,NA,NA,NA,NA,NA,0
Q6YRP4,Q6YRP4_SYNY3 Slr6110 protein OS=Synechocystis sp. (strain PCC 6803 / Kazusa) OX=1111708 GN=slr6110 PE=4 SV=1,NA,NA,NA,NA,NA,0
Q55929,Q55929_SYNY3 Pre-B cell enhancing factor OS=Synechocystis sp. (strain PCC 6803 / Kazusa) OX=1111708 GN=slr0788 PE=4 SV=1,NA,NA,NA,NA,NA,0
P73982,P73982_SYNY3 Slr2115 protein OS=Synechocystis sp. (strain PCC 6803 / Kazusa) OX=1111708 GN=slr2115 PE=4 SV=1,NA,NA,NA,NA,NA,0
P74129,P74129_SYNY3 Slr1978 protein OS=Synechocystis sp. (strain PCC 6803 / Kazusa) OX=1111708 GN=slr1978 PE=4 SV=1,NA,NA,NA,NA,NA,0
P0DJF8,MTAP_SYNY3 S-methyl-5'-thioadenosine phosphorylase OS=Synechocystis sp. (strain PCC 6803 / Kazusa) OX=1111708 GN=mtnP PE=3 SV=1,NA,NA,NA,NA,NA,0
P33779,NTCA_SYNY3 Global nitrogen regulator OS=Synechocystis sp. (strain PCC 6803 / Kazusa) OX=1111708 GN=ntcA PE=4 SV=1,NA,NA,NA,NA,NA,0
Q55709,SECA_SYNY3 Protein translocase subunit SecA OS=Synechocystis sp. (strain PCC 6803 / Kazusa) OX=1111708 GN=secA PE=3 SV=1,NA,NA,NA,NA,NA,0
P73861,P73861_SYNY3 Slr1726 protein OS=Synechocystis sp. (strain PCC 6803 / Kazusa) OX=1111708 GN=slr1726 PE=4 SV=1,NA,NA,NA,NA,NA,0
P72886,"P72886_SYNY3 CDP-glucose-4,6-dehydratase OS=Synechocystis sp. (strain PCC 6803 / Kazusa) OX=1111708 GN=rfbG PE=4 SV=1",NA,NA,NA,NA,NA,0
P72839,P72839_SYNY3 Slr1301 protein OS=Synechocystis sp. (strain PCC 6803 / Kazusa) OX=1111708 GN=slr1301 PE=4 SV=1,NA,NA,NA,NA,NA,0
Q6ZEQ5,Q6ZEQ5_SYNY3 Sll5075 protein OS=Synechocystis sp. (strain PCC 6803 / Kazusa) OX=1111708 GN=sll5075 PE=4 SV=1,NA,NA,NA,NA,NA,0
Q55624,Y755_SYNY3 Putative peroxiredoxin sll0755 OS=Synechocystis sp. (strain PCC 6803 / Kazusa) OX=1111708 GN=sll0755 PE=3 SV=1,NA,NA,NA,NA,NA,0
P72764,P72764_SYNY3 Slr1110 protein OS=Synechocystis sp. (strain PCC 6803 / Kazusa) OX=1111708 GN=slr1110 PE=4 SV=1,NA,NA,NA,NA,NA,0
P73627,Y1770_SYNY3 Uncharacterized protein sll1770 OS=Synechocystis sp. (strain PCC 6803 / Kazusa) OX=1111708 GN=sll1770 PE=3 SV=1,NA,NA,NA,NA,NA,0
P73548,CDSA_SYNY3 Phosphatidate cytidylyltransferase OS=Synechocystis sp. (strain PCC 6803 / Kazusa) OX=1111708 GN=cdsA PE=3 SV=1,NA,NA,NA,NA,NA,0
P54902,PROA1_SYNY3 Gamma-glutamyl phosphate reductase 1 OS=Synechocystis sp. (strain PCC 6803 / Kazusa) OX=1111708 GN=proA1 PE=3 SV=1,NA,NA,NA,NA,NA,0
P72845,P72845_SYNY3 Sll1188 protein OS=Synechocystis sp. (strain PCC 6803 / Kazusa) OX=1111708 GN=sll1188 PE=4 SV=1,NA,NA,NA,NA,NA,0
P73200,P73200_SYNY3 Slr1702 protein OS=Synechocystis sp. (strain PCC 6803 / Kazusa) OX=1111708 GN=slr1702 PE=4 SV=1,NA,NA,NA,NA,NA,0
Q55870,Q55870_SYNY3 Slr0626 protein OS=Synechocystis sp. (strain PCC 6803 / Kazusa) OX=1111708 GN=slr0626 PE=4 SV=1,NA,NA,NA,NA,NA,0
P73617,TRPD_SYNY3 Anthranilate phosphoribosyltransferase OS=Synechocystis sp. (strain PCC 6803 / Kazusa) OX=1111708 GN=trpD PE=3 SV=1,NA,NA,NA,NA,NA,0
P74701,P74701_SYNY3 Transposase OS=Synechocystis sp. (strain PCC 6803 / Kazusa) OX=1111708 GN=slr0462 PE=4 SV=1,NA,NA,NA,NA,NA,0
P73441,DEF_SYNY3 Peptide deformylase OS=Synechocystis sp. (strain PCC 6803 / Kazusa) OX=1111708 GN=def PE=3 SV=1,NA,NA,NA,NA,NA,0
P72893,P72893_SYNY3 Perosamine synthetase OS=Synechocystis sp. (strain PCC 6803 / Kazusa) OX=1111708 GN=rfbE PE=3 SV=1,NA,NA,NA,NA,NA,0
P73526,QUEG_SYNY3 Epoxyqueuosine reductase OS=Synechocystis sp. (strain PCC 6803 / Kazusa) OX=1111708 GN=queG PE=3 SV=1,NA,NA,NA,NA,NA,0
P73616,P73616_SYNY3 Slr1866 protein OS=Synechocystis sp. (strain PCC 6803 / Kazusa) OX=1111708 GN=slr1866 PE=4 SV=1,NA,NA,NA,NA,NA,0
P72775,P72775_SYNY3 Alanine dehydrogenase OS=Synechocystis sp. (strain PCC 6803 / Kazusa) OX=1111708 GN=sll1682 PE=3 SV=1,NA,NA,NA,NA,NA,0
Q55730,Q55730_SYNY3 Slr0650 protein OS=Synechocystis sp. (strain PCC 6803 / Kazusa) OX=1111708 GN=slr0650 PE=4 SV=1,NA,NA,NA,NA,NA,0
Q55196,PSTB1_SYNY3 Phosphate import ATP-binding protein PstB 1 OS=Synechocystis sp. (strain PCC 6803 / Kazusa) OX=1111708 GN=pstB1 PE=3 SV=1,4.7,4.5,4.3,4.5,0.2,3
P73785,P73785_SYNY3 Phosphate-binding protein OS=Synechocystis sp. (strain PCC 6803 / Kazusa) OX=1111708 GN=pstS PE=3 SV=1,3.5,5,4.4,4.4,0.7,3
Q55195,PSTB2_SYNY3 Phosphate import ATP-binding protein PstB 2 OS=Synechocystis sp. (strain PCC 6803 / Kazusa) OX=1111708 GN=pstB2 PE=3 SV=1,3.9,4.5,4.3,4.3,0.3,3
Q55199,Q55199_SYNY3 Phosphate-binding protein OS=Synechocystis sp. (strain PCC 6803 / Kazusa) OX=1111708 GN=pstS PE=3 SV=1,3,3.4,3.6,3.4,0.3,3
Q55200,SPHX_SYNY3 Protein SphX OS=Synechocystis sp. (strain PCC 6803 / Kazusa) OX=1111708 GN=sphX PE=3 SV=1,3.2,3.6,3.3,3.3,0.2,3
P74614,P74614_SYNY3 NADH dehydrogenase OS=Synechocystis sp. (strain PCC 6803 / Kazusa) OX=1111708 GN=ndh PE=4 SV=1,2.7,2.4,2.5,2.5,0.1,3
P74554,P74554_SYNY3 Sll1365 protein OS=Synechocystis sp. (strain PCC 6803 / Kazusa) OX=1111708 GN=sll1365 PE=4 SV=1,6.4,1.7,2.5,2.5,2.5,3
P73736,P73736_SYNY3 N-acetylmuramoyl-L-alanine amidase OS=Synechocystis sp. (strain PCC 6803 / Kazusa) OX=1111708 GN=amiA PE=4 SV=1,2.6,2,2.4,2.4,0.3,3
Q6ZER7,Q6ZER7_SYNY3 Uncharacterized protein OS=Synechocystis sp. (strain PCC 6803 / Kazusa) OX=1111708 GN=sll5063 PE=4 SV=1,2.4,1.9,2.1,2.1,0.2,3
P74285,CUGP_SYNY3 UTP--glucose-1-phosphate uridylyltransferase OS=Synechocystis sp. (strain PCC 6803 / Kazusa) OX=1111708 GN=cugP PE=1 SV=1,1.6,1.4,1.8,1.6,0.2,3
Q6ZEQ9,Q6ZEQ9_SYNY3 Uncharacterized protein OS=Synechocystis sp. (strain PCC 6803 / Kazusa) OX=1111708 GN=slr5071 PE=4 SV=1,5.2,0.6,1.4,1.4,2.4,3
Q55610,SECD_SYNY3 Protein translocase subunit SecD OS=Synechocystis sp. (strain PCC 6803 / Kazusa) OX=1111708 GN=secD PE=3 SV=1,1.2,1.4,1.7,1.4,0.3,3
Q55155,Q55155_SYNY3 General secretion pathway protein E OS=Synechocystis sp. (strain PCC 6803 / Kazusa) OX=1111708 GN=gspE PE=4 SV=1,1.2,1.3,1.3,1.3,0.1,3
P73537,P73537_SYNY3 Slr1363 protein OS=Synechocystis sp. (strain PCC 6803 / Kazusa) OX=1111708 GN=slr1363 PE=4 SV=1,1.3,0.8,1.4,1.3,0.3,3
P73770,P73770_SYNY3 Slr1243 protein OS=Synechocystis sp. (strain PCC 6803 / Kazusa) OX=1111708 GN=slr1243 PE=4 SV=1,1.2,0.8,1.2,1.2,0.3,3
Q57310,LPXB_SYNY3 Lipid-A-disaccharide synthase OS=Synechocystis sp. (strain PCC 6803 / Kazusa) OX=1111708 GN=lpxB PE=3 SV=1,NA,1,1.5,1.2,0.4,2
P72623,GLGA2_SYNY3 Probable glycogen synthase 2 OS=Synechocystis sp. (strain PCC 6803 / Kazusa) OX=1111708 GN=glgA2 PE=3 SV=1,1.9,NA,0.5,1.2,0.9,2
P29254,PSAA_SYNY3 Photosystem I P700 chlorophyll a apoprotein A1 OS=Synechocystis sp. (strain PCC 6803 / Kazusa) OX=1111708 GN=psaA PE=1 SV=1,1.5,1.2,1,1.2,0.2,3
P74667,DAPF_SYNY3 Diaminopimelate epimerase OS=Synechocystis sp. (strain PCC 6803 / Kazusa) OX=1111708 GN=dapF PE=3 SV=1,1.2,1,1.3,1.2,0.2,3
P73016,FABI_SYNY3 Enoyl-[acyl-carrier-protein] reductase [NADH] FabI OS=Synechocystis sp. (strain PCC 6803 / Kazusa) OX=1111708 GN=fabI PE=3 SV=2,1.2,0.9,1.3,1.2,0.2,3
P73437,FTSH4_SYNY3 ATP-dependent zinc metalloprotease FtsH 4 OS=Synechocystis sp. (strain PCC 6803 / Kazusa) OX=1111708 GN=ftsH4 PE=2 SV=1,1.3,0.8,1.1,1.1,0.2,3
Q55766,RPIA_SYNY3 Ribose-5-phosphate isomerase A OS=Synechocystis sp. (strain PCC 6803 / Kazusa) OX=1111708 GN=rpiA PE=3 SV=1,1.3,1.1,0.7,1.1,0.3,3
P73098,DNAK3_SYNY3 Chaperone protein dnaK3 OS=Synechocystis sp. (strain PCC 6803 / Kazusa) OX=1111708 GN=dnaK3 PE=3 SV=2,1.5,0.9,1.1,1.1,0.3,3
Q6YRU7,Q6YRU7_SYNY3 Slr6057 protein OS=Synechocystis sp. (strain PCC 6803 / Kazusa) OX=1111708 GN=slr6057 PE=4 SV=1,1.1,0.9,1.1,1.1,0.1,3
P73103,P73103_SYNY3 Slr1908 protein OS=Synechocystis sp. (strain PCC 6803 / Kazusa) OX=1111708 GN=slr1908 PE=3 SV=1,1.5,1.1,1,1.1,0.3,3
P73407,CCMK4_SYNY3 Carbon dioxide-concentrating mechanism protein CcmK homolog 4 OS=Synechocystis sp. (strain PCC 6803 / Kazusa) OX=1111708 GN=ccmK4 PE=1 SV=3,1.4,1,-0.3,1,0.9,3
P72890,P72890_SYNY3 Slr1612 protein OS=Synechocystis sp. (strain PCC 6803 / Kazusa) OX=1111708 GN=slr1612 PE=4 SV=1,-1.4,1,1,1,1.4,3
Q55564,Q55564_SYNY3 Sll0162 protein OS=Synechocystis sp. (strain PCC 6803 / Kazusa) OX=1111708 GN=sll0162 PE=4 SV=1,0.8,1.1,0.9,0.9,0.2,3
P74690,PHK_SYNY3 Probable phosphoketolase OS=Synechocystis sp. (strain PCC 6803 / Kazusa) OX=1111708 GN=slr0453 PE=3 SV=2,1.5,0.7,0.9,0.9,0.4,3
P73597,P73597_SYNY3 Sll1306 protein OS=Synechocystis sp. (strain PCC 6803 / Kazusa) OX=1111708 GN=sll1306 PE=4 SV=1,0.6,1,0.8,0.8,0.2,3
P72827,FUTA1_SYNY3 Iron uptake protein A1 OS=Synechocystis sp. (strain PCC 6803 / Kazusa) OX=1111708 GN=futA1 PE=1 SV=1,0.8,1,0.8,0.8,0.2,3
P74416,GCSP_SYNY3 Glycine dehydrogenase (decarboxylating) OS=Synechocystis sp. (strain PCC 6803 / Kazusa) OX=1111708 GN=gcvP PE=1 SV=1,0.9,0.8,0.1,0.8,0.4,3
P73711,P73711_SYNY3 Threonine synthase OS=Synechocystis sp. (strain PCC 6803 / Kazusa) OX=1111708 GN=thrC PE=4 SV=1,0.2,0.8,0.7,0.7,0.3,3
Q55367,CYNS_SYNY3 Cyanate hydratase OS=Synechocystis sp. (strain PCC 6803 / Kazusa) OX=1111708 GN=cynS PE=1 SV=1,1.1,0.5,0.7,0.7,0.3,3
P74569,P74569_SYNY3 Aspartate kinase OS=Synechocystis sp. (strain PCC 6803 / Kazusa) OX=1111708 GN=lysC PE=1 SV=1,1,0.4,0.7,0.7,0.3,3
P74510,P74510_SYNY3 Dihydrolipoamide acetyltransferase component of pyruvate dehydrogenase complex OS=Synechocystis sp. (strain PCC 6803 / Kazusa) OX=1111708 GN=odhB PE=3 SV=1,1.4,0.7,0.4,0.7,0.5,3
Q55469,"MURE_SYNY3 UDP-N-acetylmuramoyl-L-alanyl-D-glutamate--2,6-diaminopimelate ligase OS=Synechocystis sp. (strain PCC 6803 / Kazusa) OX=1111708 GN=murE PE=3 SV=1",0.6,0.7,1,0.7,0.2,3
Q55835,FUTA2_SYNY3 Iron uptake protein A2 OS=Synechocystis sp. (strain PCC 6803 / Kazusa) OX=1111708 GN=futA2 PE=1 SV=1,0.2,0.7,0.8,0.7,0.3,3
P73173,P73173_SYNY3 PilJ protein OS=Synechocystis sp. (strain PCC 6803 / Kazusa) OX=1111708 GN=pilJ PE=4 SV=1,-0.3,1.1,0.7,0.7,0.8,3
P37277,PSAL_SYNY3 Photosystem I reaction center subunit XI OS=Synechocystis sp. (strain PCC 6803 / Kazusa) OX=1111708 GN=psaL PE=1 SV=1,-0.6,0.9,0.7,0.7,0.8,3
P29255,PSAB_SYNY3 Photosystem I P700 chlorophyll a apoprotein A2 OS=Synechocystis sp. (strain PCC 6803 / Kazusa) OX=1111708 GN=psaB PE=1 SV=4,0.6,1,0.7,0.7,0.2,3
P19569,PSAD_SYNY3 Photosystem I reaction center subunit II OS=Synechocystis sp. (strain PCC 6803 / Kazusa) OX=1111708 GN=psaD PE=1 SV=2,0.1,0.8,0.7,0.7,0.4,3
P74737,RECA_SYNY3 Protein RecA OS=Synechocystis sp. (strain PCC 6803 / Kazusa) OX=1111708 GN=recA PE=2 SV=1,0.7,-0.2,0.7,0.7,0.5,3
P73596,P73596_SYNY3 Sll1307 protein OS=Synechocystis sp. (strain PCC 6803 / Kazusa) OX=1111708 GN=sll1307 PE=4 SV=1,0.8,-0.6,0.7,0.7,0.8,3
P73636,RS6_SYNY3 30S ribosomal protein S6 OS=Synechocystis sp. (strain PCC 6803 / Kazusa) OX=1111708 GN=rpsF PE=3 SV=1,1.1,-0.6,0.7,0.7,0.9,3
P73505,SYI_SYNY3 Isoleucine--tRNA ligase OS=Synechocystis sp. (strain PCC 6803 / Kazusa) OX=1111708 GN=ileS PE=3 SV=1,1,-0.2,0.7,0.7,0.6,3
Q6YRS9,Q6YRS9_SYNY3 Slr6016 protein OS=Synechocystis sp. (strain PCC 6803 / Kazusa) OX=1111708 GN=slr6016 PE=4 SV=1,0.3,0.6,1,0.6,0.3,3
P73412,UVRA_SYNY3 UvrABC system protein A OS=Synechocystis sp. (strain PCC 6803 / Kazusa) OX=1111708 GN=uvrA PE=3 SV=1,1.1,-0.1,0.6,0.6,0.6,3
P74668,P74668_SYNY3 Pleiotropic regulatory protein OS=Synechocystis sp. (strain PCC 6803 / Kazusa) OX=1111708 GN=degT PE=3 SV=1,2.2,0.4,0.6,0.6,1,3
P29256,PSAF_SYNY3 Photosystem I reaction center subunit III OS=Synechocystis sp. (strain PCC 6803 / Kazusa) OX=1111708 GN=psaF PE=1 SV=1,0.6,0.6,0.6,0.6,0,3
P72688,P72688_SYNY3 Transcription termination/antitermination protein NusA OS=Synechocystis sp. (strain PCC 6803 / Kazusa) OX=1111708 GN=nusA PE=3 SV=1,0.6,0.9,-1,0.6,1,3
Q55898,PPK1_SYNY3 Polyphosphate kinase OS=Synechocystis sp. (strain PCC 6803 / Kazusa) OX=1111708 GN=ppk PE=3 SV=1,1,0.6,0.1,0.6,0.5,3
Q55727,Q55727_SYNY3 Slr0645 protein OS=Synechocystis sp. (strain PCC 6803 / Kazusa) OX=1111708 GN=slr0645 PE=4 SV=1,0.2,1,0.6,0.6,0.4,3
P72929,Y1021_SYNY3 Uncharacterized protein sll1021 OS=Synechocystis sp. (strain PCC 6803 / Kazusa) OX=1111708 GN=sll1021 PE=4 SV=1,0.7,0.6,0.2,0.6,0.2,3
P54123,RNJ_SYNY3 Ribonuclease J OS=Synechocystis sp. (strain PCC 6803 / Kazusa) OX=1111708 GN=rnj PE=3 SV=1,0.7,-0.2,0.6,0.6,0.5,3
P73411,G6PD_SYNY3 Glucose-6-phosphate 1-dehydrogenase OS=Synechocystis sp. (strain PCC 6803 / Kazusa) OX=1111708 GN=zwf PE=3 SV=1,0.1,1,0.5,0.5,0.5,3
P32422,PSAC_SYNY3 Photosystem I iron-sulfur center OS=Synechocystis sp. (strain PCC 6803 / Kazusa) OX=1111708 GN=psaC PE=1 SV=2,0.6,0.4,0.5,0.5,0.1,3
Q55662,Q55662_SYNY3 ATP-dependent Clp protease regulatory subunit OS=Synechocystis sp. (strain PCC 6803 / Kazusa) OX=1111708 GN=clpC PE=3 SV=1,0.8,0.5,0.4,0.5,0.2,3
P49433,G3P1_SYNY3 Glyceraldehyde-3-phosphate dehydrogenase 1 OS=Synechocystis sp. (strain PCC 6803 / Kazusa) OX=1111708 GN=gap1 PE=3 SV=1,0.6,-0.1,0.5,0.5,0.4,3
P72758,P72758_SYNY3 Carbon dioxide concentrating mechanism protein CcmM OS=Synechocystis sp. (strain PCC 6803 / Kazusa) OX=1111708 GN=ccmM PE=1 SV=1,0.5,0.7,0.5,0.5,0.1,3
P74702,P74702_SYNY3 Chaperone protein HtpG OS=Synechocystis sp. (strain PCC 6803 / Kazusa) OX=1111708 GN=htpG PE=4 SV=1,0.6,0.1,0.5,0.5,0.3,3
P73566,P73566_SYNY3 Slr0882 protein OS=Synechocystis sp. (strain PCC 6803 / Kazusa) OX=1111708 GN=slr0882 PE=4 SV=1,0.4,0.5,0.5,0.5,0,3
Q55598,Q55598_SYNY3 Slr0384 protein OS=Synechocystis sp. (strain PCC 6803 / Kazusa) OX=1111708 GN=slr0384 PE=4 SV=1,0.7,0.1,0.5,0.5,0.3,3
Q55445,Y041_SYNY3 Putative methyl-accepting chemotaxis protein sll0041 OS=Synechocystis sp. (strain PCC 6803 / Kazusa) OX=1111708 GN=sll0041 PE=3 SV=2,0.5,0.5,-0,0.5,0.3,3
P73450,NRTC_SYNY3 Nitrate transport ATP-binding protein NrtC OS=Synechocystis sp. (strain PCC 6803 / Kazusa) OX=1111708 GN=nrtC PE=3 SV=1,1,0.2,0.5,0.5,0.4,3
Q55753,Q55753_SYNY3 High-affinity branched-chain amino acid transport ATP-binding protein OS=Synechocystis sp. (strain PCC 6803 / Kazusa) OX=1111708 GN=braG or livF PE=4 SV=1,1.2,0.5,0.3,0.5,0.5,3
P74135,P74135_SYNY3 Sll1873 protein OS=Synechocystis sp. (strain PCC 6803 / Kazusa) OX=1111708 GN=sll1873 PE=4 SV=1,0.3,0.6,0.5,0.5,0.2,3
P73020,P73020_SYNY3 Mg-chelatase subunit ChlH OS=Synechocystis sp. (strain PCC 6803 / Kazusa) OX=1111708 GN=chlH PE=1 SV=1,0.6,-0.2,0.5,0.5,0.4,3
P74625,P74625_SYNY3 Phycobilisome rod-core linker polypeptide CpcG OS=Synechocystis sp. (strain PCC 6803 / Kazusa) OX=1111708 GN=cpcG PE=3 SV=1,0.5,0.5,0.4,0.5,0.1,3
P73307,RS8_SYNY3 30S ribosomal protein S8 OS=Synechocystis sp. (strain PCC 6803 / Kazusa) OX=1111708 GN=rpsH PE=3 SV=1,0.5,0.1,0.5,0.5,0.2,3
P73409,P73409_SYNY3 Slr1841 protein OS=Synechocystis sp. (strain PCC 6803 / Kazusa) OX=1111708 GN=slr1841 PE=3 SV=1,0.6,0.5,0.5,0.5,0.1,3
Q55466,Q55466_SYNY3 Sll0518 protein OS=Synechocystis sp. (strain PCC 6803 / Kazusa) OX=1111708 GN=sll0518 PE=4 SV=1,0.5,-0.3,0.5,0.5,0.4,3
P74367,PSB27_SYNY3 Photosystem II lipoprotein Psb27 OS=Synechocystis sp. (strain PCC 6803 / Kazusa) OX=1111708 GN=psb27 PE=1 SV=2,0.3,0.6,0.5,0.5,0.2,3
Q6YRV3,Q6YRV3_SYNY3 Slr6051 protein OS=Synechocystis sp. (strain PCC 6803 / Kazusa) OX=1111708 GN=slr6051 PE=4 SV=1,-0.1,0.9,0.5,0.5,0.5,3
P27183,ATPX_SYNY3 ATP synthase subunit b' OS=Synechocystis sp. (strain PCC 6803 / Kazusa) OX=1111708 GN=atpG PE=3 SV=1,0.6,0.4,0.4,0.4,0.1,3
P73875,P73875_SYNY3 Ssl0467 protein OS=Synechocystis sp. (strain PCC 6803 / Kazusa) OX=1111708 GN=ssl0467 PE=4 SV=1,0.2,0.4,0.5,0.4,0.2,3
P16033,PSBA2_SYNY3 Photosystem II protein D1 2 OS=Synechocystis sp. (strain PCC 6803 / Kazusa) OX=1111708 GN=psbA2 PE=1 SV=1,0.2,0.4,0.5,0.4,0.1,3
P73317,RL2_SYNY3 50S ribosomal protein L2 OS=Synechocystis sp. (strain PCC 6803 / Kazusa) OX=1111708 GN=rplB PE=3 SV=1,0.5,0.4,0.4,0.4,0,3
P74102,OCP_SYNY3 Orange carotenoid-binding protein OS=Synechocystis sp. (strain PCC 6803 / Kazusa) OX=1111708 GN=slr1963 PE=1 SV=1,0.1,0.4,0.5,0.4,0.2,3
P73456,FTSZ_SYNY3 Cell division protein FtsZ OS=Synechocystis sp. (strain PCC 6803 / Kazusa) OX=1111708 GN=ftsZ PE=1 SV=1,0.4,0.5,0.4,0.4,0.1,3
P73534,KPYK2_SYNY3 Pyruvate kinase 2 OS=Synechocystis sp. (strain PCC 6803 / Kazusa) OX=1111708 GN=pyk2 PE=3 SV=1,0.4,0.5,0.3,0.4,0.1,3
P74314,P74314_SYNY3 OmpR subfamily OS=Synechocystis sp. (strain PCC 6803 / Kazusa) OX=1111708 GN=slr0947 PE=4 SV=1,0.2,0.4,0.7,0.4,0.3,3
Q01950,"PYC1_SYNY3 Phycobilisome 7.8 kDa linker polypeptide, allophycocyanin-associated, core OS=Synechocystis sp. (strain PCC 6803 / Kazusa) OX=1111708 GN=apcC PE=3 SV=1",0.1,0.4,0.4,0.4,0.2,3
Q55374,Q55374_SYNY3 Slr0907 protein OS=Synechocystis sp. (strain PCC 6803 / Kazusa) OX=1111708 GN=slr0907 PE=4 SV=1,0.4,0.3,0.4,0.4,0.1,3
P09190,PSBE_SYNY3 Cytochrome b559 subunit alpha OS=Synechocystis sp. (strain PCC 6803 / Kazusa) OX=1111708 GN=psbE PE=1 SV=3,0.4,0.4,0.4,0.4,0,3
P73704,P73704_SYNY3 General secretion pathway protein G OS=Synechocystis sp. (strain PCC 6803 / Kazusa) OX=1111708 GN=hofG PE=4 SV=1,0.4,0.5,0.4,0.4,0.1,3
P73304,RS5_SYNY3 30S ribosomal protein S5 OS=Synechocystis sp. (strain PCC 6803 / Kazusa) OX=1111708 GN=rpsE PE=3 SV=1,0.3,0.4,0.4,0.4,0.1,3
P73558,GATA_SYNY3 Glutamyl-tRNA(Gln) amidotransferase subunit A OS=Synechocystis sp. (strain PCC 6803 / Kazusa) OX=1111708 GN=gatA PE=3 SV=1,0.4,0.4,0.4,0.4,0,3
P73471,PUR7_SYNY3 Phosphoribosylaminoimidazole-succinocarboxamide synthase OS=Synechocystis sp. (strain PCC 6803 / Kazusa) OX=1111708 GN=purC PE=3 SV=1,0.4,0.4,0.3,0.4,0.1,3
P73574,FABG_SYNY3 3-oxoacyl-[acyl-carrier-protein] reductase OS=Synechocystis sp. (strain PCC 6803 / Kazusa) OX=1111708 GN=fabG PE=1 SV=1,0.4,0.4,0.3,0.4,0,3
Q55738,GYRA_SYNY3 DNA gyrase subunit A OS=Synechocystis sp. (strain PCC 6803 / Kazusa) OX=1111708 GN=gyrA PE=3 SV=1,0.3,0.6,-0.2,0.3,0.4,3
Q55087,CHLP_SYNY3 Geranylgeranyl diphosphate reductase OS=Synechocystis sp. (strain PCC 6803 / Kazusa) OX=1111708 GN=chlP PE=3 SV=1,0.3,0.4,0.3,0.3,0.1,3
Q55700,FTSH2_SYNY3 ATP-dependent zinc metalloprotease FtsH 2 OS=Synechocystis sp. (strain PCC 6803 / Kazusa) OX=1111708 GN=ftsH2 PE=1 SV=1,0,0.5,0.3,0.3,0.2,3
P73293,RS9_SYNY3 30S ribosomal protein S9 OS=Synechocystis sp. (strain PCC 6803 / Kazusa) OX=1111708 GN=rpsI PE=3 SV=1,0.4,0.1,0.3,0.3,0.2,3
P27181,ATPF_SYNY3 ATP synthase subunit b OS=Synechocystis sp. (strain PCC 6803 / Kazusa) OX=1111708 GN=atpF PE=3 SV=2,-0.1,0.3,0.4,0.3,0.3,3
P72866,RS15_SYNY3 30S ribosomal protein S15 OS=Synechocystis sp. (strain PCC 6803 / Kazusa) OX=1111708 GN=rpsO PE=3 SV=1,0.5,-0.2,0.3,0.3,0.4,3
P73316,RS19_SYNY3 30S ribosomal protein S19 OS=Synechocystis sp. (strain PCC 6803 / Kazusa) OX=1111708 GN=rpsS PE=3 SV=1,0.3,0.1,0.7,0.3,0.3,3
P72851,RL28_SYNY3 50S ribosomal protein L28 OS=Synechocystis sp. (strain PCC 6803 / Kazusa) OX=1111708 GN=rpmB PE=3 SV=1,0.3,0.1,0.3,0.3,0.1,3
P72849,HO1_SYNY3 Heme oxygenase 1 OS=Synechocystis sp. (strain PCC 6803 / Kazusa) OX=1111708 GN=pbsA1 PE=1 SV=1,0.3,0.4,0.2,0.3,0.1,3
Q55131,Q55131_SYNY3 Slr0049 protein OS=Synechocystis sp. (strain PCC 6803 / Kazusa) OX=1111708 GN=slr0049 PE=4 SV=1,0.3,0.4,0.3,0.3,0.1,3
P74729,P74729_SYNY3 HrEpiB OS=Synechocystis sp. (strain PCC 6803 / Kazusa) OX=1111708 GN=sll0576 PE=4 SV=1,-0.4,0.3,0.3,0.3,0.4,3
P48949,RS21_SYNY3 30S ribosomal protein S21 OS=Synechocystis sp. (strain PCC 6803 / Kazusa) OX=1111708 GN=rpsU PE=3 SV=1,-0.3,0.7,0.3,0.3,0.5,3
P72871,METK_SYNY3 S-adenosylmethionine synthase OS=Synechocystis sp. (strain PCC 6803 / Kazusa) OX=1111708 GN=metK PE=3 SV=2,0.3,0.3,0.5,0.3,0.1,3
P73654,P73654_SYNY3 Ssl3364 protein OS=Synechocystis sp. (strain PCC 6803 / Kazusa) OX=1111708 GN=ssl3364 PE=4 SV=1,-0.3,0.3,0.4,0.3,0.4,3
P74226,RS10_SYNY3 30S ribosomal protein S10 OS=Synechocystis sp. (strain PCC 6803 / Kazusa) OX=1111708 GN=rpsJ PE=3 SV=1,0.1,0.3,0.4,0.3,0.2,3
Q55318,FENR_SYNY3 Ferredoxin--NADP reductase OS=Synechocystis sp. (strain PCC 6803 / Kazusa) OX=1111708 GN=petH PE=1 SV=2,-0.1,0.3,0.3,0.3,0.3,3
P54384,LEUC_SYNY3 3-isopropylmalate dehydratase large subunit OS=Synechocystis sp. (strain PCC 6803 / Kazusa) OX=1111708 GN=leuC PE=3 SV=2,0.5,-0.1,0.3,0.3,0.3,3
Q55176,Q55176_SYNY3 Slr0483 protein OS=Synechocystis sp. (strain PCC 6803 / Kazusa) OX=1111708 GN=slr0483 PE=4 SV=1,0.4,0.3,0.3,0.3,0.1,3
Q55233,DRGA_SYNY3 Protein DrgA OS=Synechocystis sp. (strain PCC 6803 / Kazusa) OX=1111708 GN=drgA PE=1 SV=1,-0.4,0.5,0.3,0.3,0.5,3
P74177,RPOC1_SYNY3 DNA-directed RNA polymerase subunit gamma OS=Synechocystis sp. (strain PCC 6803 / Kazusa) OX=1111708 GN=rpoC1 PE=3 SV=1,0.3,0.9,0.3,0.3,0.3,3
P74720,P74720_SYNY3 Sll1106 protein OS=Synechocystis sp. (strain PCC 6803 / Kazusa) OX=1111708 GN=sll1106 PE=4 SV=1,0.3,0.4,-0,0.3,0.2,3
P73821,SERA_SYNY3 D-3-phosphoglycerate dehydrogenase OS=Synechocystis sp. (strain PCC 6803 / Kazusa) OX=1111708 GN=serA PE=3 SV=1,0.3,0.2,0.3,0.3,0,3
P73853,P73853_SYNY3 IMP dehydrogenase subunit OS=Synechocystis sp. (strain PCC 6803 / Kazusa) OX=1111708 GN=guaB PE=4 SV=1,0.3,0.4,0.2,0.3,0.1,3
Q55171,Q55171_SYNY3 Slr0476 protein OS=Synechocystis sp. (strain PCC 6803 / Kazusa) OX=1111708 GN=slr0476 PE=4 SV=1,-0.6,0.7,0.3,0.3,0.7,3
P73298,RS11_SYNY3 30S ribosomal protein S11 OS=Synechocystis sp. (strain PCC 6803 / Kazusa) OX=1111708 GN=rpsK PE=3 SV=1,0.8,0.3,0.1,0.3,0.4,3
P09193,PSBC_SYNY3 Photosystem II CP43 reaction center protein OS=Synechocystis sp. (strain PCC 6803 / Kazusa) OX=1111708 GN=psbC PE=1 SV=3,-0.1,0.3,0.3,0.3,0.2,3
P74384,PUR8_SYNY3 Adenylosuccinate lyase OS=Synechocystis sp. (strain PCC 6803 / Kazusa) OX=1111708 GN=purB PE=3 SV=1,0.1,0.3,0.6,0.3,0.3,3
P73299,RS13_SYNY3 30S ribosomal protein S13 OS=Synechocystis sp. (strain PCC 6803 / Kazusa) OX=1111708 GN=rpsM PE=3 SV=1,0.2,0.2,0.3,0.2,0,3
Q55665,"GSA_SYNY3 Glutamate-1-semialdehyde 2,1-aminomutase OS=Synechocystis sp. (strain PCC 6803 / Kazusa) OX=1111708 GN=hemL PE=3 SV=2",-0.2,0.2,0.4,0.2,0.3,3
P72797,TAL_SYNY3 Transaldolase OS=Synechocystis sp. (strain PCC 6803 / Kazusa) OX=1111708 GN=tal PE=3 SV=1,-0.3,0.3,0.2,0.2,0.3,3
P73603,P73603_SYNY3 Slr1852 protein OS=Synechocystis sp. (strain PCC 6803 / Kazusa) OX=1111708 GN=slr1852 PE=4 SV=1,0.4,0.1,0.2,0.2,0.2,3
P73309,RL24_SYNY3 50S ribosomal protein L24 OS=Synechocystis sp. (strain PCC 6803 / Kazusa) OX=1111708 GN=rplX PE=3 SV=1,-0.3,0.3,0.2,0.2,0.3,3
P80507,IPYR_SYNY3 Inorganic pyrophosphatase OS=Synechocystis sp. (strain PCC 6803 / Kazusa) OX=1111708 GN=ppa PE=1 SV=2,0.2,-0.4,0.2,0.2,0.4,3
Q55436,Q55436_SYNY3 Slr0848 protein OS=Synechocystis sp. (strain PCC 6803 / Kazusa) OX=1111708 GN=slr0848 PE=1 SV=1,0.2,-0.3,0.3,0.2,0.3,3
Q55432,Q55432_SYNY3 Sll0822 protein OS=Synechocystis sp. (strain PCC 6803 / Kazusa) OX=1111708 GN=sll0822 PE=1 SV=1,-0.1,0.2,0.3,0.2,0.2,3
P51634,CHLI_SYNY3 Magnesium-chelatase subunit ChlI OS=Synechocystis sp. (strain PCC 6803 / Kazusa) OX=1111708 GN=chlI PE=3 SV=2,NA,0.3,0.1,0.2,0.1,2
P36239,RL19_SYNY3 50S ribosomal protein L19 OS=Synechocystis sp. (strain PCC 6803 / Kazusa) OX=1111708 GN=rplS PE=3 SV=1,0,0.3,0.2,0.2,0.2,3
P74228,EFG2_SYNY3 Elongation factor G 2 OS=Synechocystis sp. (strain PCC 6803 / Kazusa) OX=1111708 GN=fusB PE=3 SV=1,0.5,0.2,-0.7,0.2,0.7,3
P74534,P74534_SYNY3 Sll1338 protein OS=Synechocystis sp. (strain PCC 6803 / Kazusa) OX=1111708 GN=sll1338 PE=4 SV=1,0,0.2,0.2,0.2,0.1,3
P73253,P73253_SYNY3 Sll1911 protein OS=Synechocystis sp. (strain PCC 6803 / Kazusa) OX=1111708 GN=sll1911 PE=4 SV=1,1.3,0.2,-0,0.2,0.7,3
Q55641,Q55641_SYNY3 Ribonuclease D OS=Synechocystis sp. (strain PCC 6803 / Kazusa) OX=1111708 GN=rnd PE=4 SV=1,0.2,0.4,-0.3,0.2,0.4,3
P72874,IF3_SYNY3 Translation initiation factor IF-3 OS=Synechocystis sp. (strain PCC 6803 / Kazusa) OX=1111708 GN=infC PE=3 SV=1,0.2,0.5,-0.1,0.2,0.3,3
P74230,RS12_SYNY3 30S ribosomal protein S12 OS=Synechocystis sp. (strain PCC 6803 / Kazusa) OX=1111708 GN=rpsL PE=3 SV=1,0.2,-0.1,0.2,0.2,0.2,3
P73069,YC48L_SYNY3 Ycf48-like protein OS=Synechocystis sp. (strain PCC 6803 / Kazusa) OX=1111708 GN=slr2034 PE=3 SV=1,1.1,0.2,-0.1,0.2,0.6,3
P73311,RS17_SYNY3 30S ribosomal protein S17 OS=Synechocystis sp. (strain PCC 6803 / Kazusa) OX=1111708 GN=rpsQ PE=3 SV=1,0.5,0.2,0.1,0.2,0.2,3
Q55522,SYV_SYNY3 Valine--tRNA ligase OS=Synechocystis sp. (strain PCC 6803 / Kazusa) OX=1111708 GN=valS PE=3 SV=1,-1,0.2,0.3,0.2,0.7,3
P74070,EFTS_SYNY3 Elongation factor Ts OS=Synechocystis sp. (strain PCC 6803 / Kazusa) OX=1111708 GN=tsf PE=1 SV=3,-0,0.2,0.4,0.2,0.2,3
P27179,ATPA_SYNY3 ATP synthase subunit alpha OS=Synechocystis sp. (strain PCC 6803 / Kazusa) OX=1111708 GN=atpA PE=3 SV=1,-0,0.2,0.2,0.2,0.1,3
P73306,RL6_SYNY3 50S ribosomal protein L6 OS=Synechocystis sp. (strain PCC 6803 / Kazusa) OX=1111708 GN=rplF PE=3 SV=1,0,0.3,0.2,0.2,0.1,3
P73201,SYS_SYNY3 Serine--tRNA ligase OS=Synechocystis sp. (strain PCC 6803 / Kazusa) OX=1111708 GN=serS PE=3 SV=1,0.4,0.1,0.2,0.2,0.1,3
P73952,P73952_SYNY3 Sll1418 protein OS=Synechocystis sp. (strain PCC 6803 / Kazusa) OX=1111708 GN=sll1418 PE=1 SV=1,1.2,0.1,0.2,0.2,0.6,3
P73913,P73913_SYNY3 Acetolactate synthase OS=Synechocystis sp. (strain PCC 6803 / Kazusa) OX=1111708 GN=ilvG PE=3 SV=1,0.9,-0.7,0.2,0.2,0.8,3
P73452,NRTA_SYNY3 Nitrate transport protein NrtA OS=Synechocystis sp. (strain PCC 6803 / Kazusa) OX=1111708 GN=nrtA PE=1 SV=1,-0.1,0.7,0.2,0.2,0.4,3
P73294,RL13_SYNY3 50S ribosomal protein L13 OS=Synechocystis sp. (strain PCC 6803 / Kazusa) OX=1111708 GN=rplM PE=3 SV=1,0.2,-0,0.2,0.2,0.1,3
Q55375,Q55375_SYNY3 Slr0909 protein OS=Synechocystis sp. (strain PCC 6803 / Kazusa) OX=1111708 GN=slr0909 PE=4 SV=1,0.2,0.1,0.2,0.2,0.1,3
Q55118,PPI3_SYNY3 Putative thylakoid lumen peptidyl-prolyl cis-trans isomerase sll0408 OS=Synechocystis sp. (strain PCC 6803 / Kazusa) OX=1111708 GN=sll0408 PE=3 SV=2,0.3,-0.4,0.2,0.2,0.4,3
P74607,Y2874_SYNY3 Putative regulatory protein ssl2874 OS=Synechocystis sp. (strain PCC 6803 / Kazusa) OX=1111708 GN=ssl2874 PE=3 SV=1,0.2,0.1,0.3,0.2,0.1,3
P77962,GLYA_SYNY3 Serine hydroxymethyltransferase OS=Synechocystis sp. (strain PCC 6803 / Kazusa) OX=1111708 GN=glyA PE=3 SV=1,0.3,0.2,-4.3,0.2,2.6,3
P72805,P72805_SYNY3 Sll1665 protein OS=Synechocystis sp. (strain PCC 6803 / Kazusa) OX=1111708 GN=sll1665 PE=4 SV=1,-0.3,0.3,0.2,0.2,0.3,3
Q59993,CLPP2_SYNY3 ATP-dependent Clp protease proteolytic subunit 2 OS=Synechocystis sp. (strain PCC 6803 / Kazusa) OX=1111708 GN=clpP2 PE=3 SV=1,0.2,0.2,0,0.2,0.1,3
P74061,RPE_SYNY3 Ribulose-phosphate 3-epimerase OS=Synechocystis sp. (strain PCC 6803 / Kazusa) OX=1111708 GN=rpe PE=1 SV=3,0.1,0.2,0.6,0.2,0.3,3
P55038,GLTS_SYNY3 Ferredoxin-dependent glutamate synthase 2 OS=Synechocystis sp. (strain PCC 6803 / Kazusa) OX=1111708 GN=gltS PE=1 SV=2,0.1,0,0.3,0.1,0.1,3
P72700,P72700_SYNY3 Slr0244 protein OS=Synechocystis sp. (strain PCC 6803 / Kazusa) OX=1111708 GN=slr0244 PE=4 SV=1,0.3,0.1,0.1,0.1,0.1,3
P73849,COMB_SYNY3 Probable 2-phosphosulfolactate phosphatase OS=Synechocystis sp. (strain PCC 6803 / Kazusa) OX=1111708 GN=comB PE=3 SV=1,0.3,0.1,0.1,0.1,0.1,3
P74459,CLPB1_SYNY3 Chaperone protein ClpB 1 OS=Synechocystis sp. (strain PCC 6803 / Kazusa) OX=1111708 GN=clpB1 PE=3 SV=1,0,0.2,0.1,0.1,0.1,3
P73303,RL15_SYNY3 50S ribosomal protein L15 OS=Synechocystis sp. (strain PCC 6803 / Kazusa) OX=1111708 GN=rplO PE=3 SV=1,0.1,0.5,-0.7,0.1,0.6,3
Q55776,Q55776_SYNY3 Sll0180 protein OS=Synechocystis sp. (strain PCC 6803 / Kazusa) OX=1111708 GN=sll0180 PE=3 SV=1,-0.5,0.4,0.1,0.1,0.5,3
P73308,RL5_SYNY3 50S ribosomal protein L5 OS=Synechocystis sp. (strain PCC 6803 / Kazusa) OX=1111708 GN=rplE PE=3 SV=2,0.1,-0.1,0.2,0.1,0.2,3
P74299,CAPP_SYNY3 Phosphoenolpyruvate carboxylase OS=Synechocystis sp. (strain PCC 6803 / Kazusa) OX=1111708 GN=ppc PE=3 SV=1,0.8,0.1,-0,0.1,0.4,3
P72707,P72707_SYNY3 Sll0224 protein OS=Synechocystis sp. (strain PCC 6803 / Kazusa) OX=1111708 GN=sll0224 PE=4 SV=1,0,0.1,0.3,0.1,0.1,3
P74142,RS1B_SYNY3 30S ribosomal protein S1 homolog B OS=Synechocystis sp. (strain PCC 6803 / Kazusa) OX=1111708 GN=rps1b PE=3 SV=1,0.1,0.2,-0.6,0.1,0.5,3
P74281,P74281_SYNY3 Soluble hydrogenase 42 kD subunit OS=Synechocystis sp. (strain PCC 6803 / Kazusa) OX=1111708 GN=sll1559 PE=3 SV=1,0.1,0.1,0.2,0.1,0,3
P73319,RL4_SYNY3 50S ribosomal protein L4 OS=Synechocystis sp. (strain PCC 6803 / Kazusa) OX=1111708 GN=rplD PE=3 SV=1,-0.4,0.1,0.2,0.1,0.3,3
P77973,ASSY_SYNY3 Argininosuccinate synthase OS=Synechocystis sp. (strain PCC 6803 / Kazusa) OX=1111708 GN=argG PE=1 SV=1,-0.3,0.5,0.1,0.1,0.4,3
P54416,CLPP1_SYNY3 ATP-dependent Clp protease proteolytic subunit 1 OS=Synechocystis sp. (strain PCC 6803 / Kazusa) OX=1111708 GN=clpP1 PE=3 SV=1,1,0.1,-0.1,0.1,0.6,3
Q05972,CH601_SYNY3 60 kDa chaperonin 1 OS=Synechocystis sp. (strain PCC 6803 / Kazusa) OX=1111708 GN=groL1 PE=1 SV=4,0.4,0,0.1,0.1,0.2,3
P48959,RL35_SYNY3 50S ribosomal protein L35 OS=Synechocystis sp. (strain PCC 6803 / Kazusa) OX=1111708 GN=rpmI PE=3 SV=1,-0.5,0.1,0.1,0.1,0.4,3
P72584,ACSF1_SYNY3 Magnesium-protoporphyrin IX monomethyl ester [oxidative] cyclase 1 OS=Synechocystis sp. (strain PCC 6803 / Kazusa) OX=1111708 GN=acsF1 PE=3 SV=1,0,0.2,0.1,0.1,0.1,3
P52415,GLGC_SYNY3 Glucose-1-phosphate adenylyltransferase OS=Synechocystis sp. (strain PCC 6803 / Kazusa) OX=1111708 GN=glgC PE=3 SV=2,-0.1,0.1,0.2,0.1,0.1,3
Q6ZEA8,Q6ZEA8_SYNY3 Uncharacterized protein OS=Synechocystis sp. (strain PCC 6803 / Kazusa) OX=1111708 GN=sll7090 PE=4 SV=1,-0.5,0.2,0.1,0.1,0.4,3
P74296,SYFB_SYNY3 Phenylalanine--tRNA ligase beta subunit OS=Synechocystis sp. (strain PCC 6803 / Kazusa) OX=1111708 GN=pheT PE=3 SV=1,-0.5,0.1,0.3,0.1,0.4,3
Q55511,TIG_SYNY3 Trigger factor OS=Synechocystis sp. (strain PCC 6803 / Kazusa) OX=1111708 GN=tig PE=3 SV=1,0.3,0.1,-0,0.1,0.2,3
P17253,ATPG_SYNY3 ATP synthase gamma chain OS=Synechocystis sp. (strain PCC 6803 / Kazusa) OX=1111708 GN=atpG PE=3 SV=1,0.2,0,0.1,0.1,0.1,3
P72689,IF2_SYNY3 Translation initiation factor IF-2 OS=Synechocystis sp. (strain PCC 6803 / Kazusa) OX=1111708 GN=infB PE=3 SV=1,-0.5,0.1,0.3,0.1,0.4,3
P74266,RL21_SYNY3 50S ribosomal protein L21 OS=Synechocystis sp. (strain PCC 6803 / Kazusa) OX=1111708 GN=rplU PE=3 SV=1,0.1,0.2,0.1,0.1,0.1,3
P72854,SIR_SYNY3 Sulfite reductase [ferredoxin] OS=Synechocystis sp. (strain PCC 6803 / Kazusa) OX=1111708 GN=sir PE=1 SV=1,0.1,-0.2,0.3,0.1,0.3,3
P74229,RS7_SYNY3 30S ribosomal protein S7 OS=Synechocystis sp. (strain PCC 6803 / Kazusa) OX=1111708 GN=rpsG PE=3 SV=1,-0.3,0.1,0.3,0.1,0.3,3
P22034,CH602_SYNY3 60 kDa chaperonin 2 OS=Synechocystis sp. (strain PCC 6803 / Kazusa) OX=1111708 GN=groL2 PE=1 SV=4,0.1,0.2,0.1,0.1,0,3
P72798,P72798_SYNY3 Ssr2998 protein OS=Synechocystis sp. (strain PCC 6803 / Kazusa) OX=1111708 GN=ssr2998 PE=4 SV=1,0.2,0.1,-0.5,0.1,0.4,3
P28371,EFG1_SYNY3 Elongation factor G 1 OS=Synechocystis sp. (strain PCC 6803 / Kazusa) OX=1111708 GN=fusA PE=1 SV=2,0,0.2,0.1,0.1,0.1,3
P29107,ILVC_SYNY3 Ketol-acid reductoisomerase (NADP(+)) OS=Synechocystis sp. (strain PCC 6803 / Kazusa) OX=1111708 GN=ilvC PE=1 SV=3,0.1,-0.1,0.1,0.1,0.1,3
P09192,PSBD_SYNY3 Photosystem II D2 protein OS=Synechocystis sp. (strain PCC 6803 / Kazusa) OX=1111708 GN=psbD PE=1 SV=2,0.1,-0,0.3,0.1,0.1,3
P73851,SYDND_SYNY3 Aspartate--tRNA(Asp/Asn) ligase OS=Synechocystis sp. (strain PCC 6803 / Kazusa) OX=1111708 GN=aspS PE=3 SV=1,0.5,0.1,-0.9,0.1,0.7,3
P74360,Y1526_SYNY3 Uncharacterized protein sll1526 OS=Synechocystis sp. (strain PCC 6803 / Kazusa) OX=1111708 GN=sll1526 PE=4 SV=1,1,0.1,-0.1,0.1,0.6,3
P73546,"P73546_SYNY3 Alpha-1,4 glucan phosphorylase OS=Synechocystis sp. (strain PCC 6803 / Kazusa) OX=1111708 GN=glgP PE=3 SV=1",-1,0.1,0.2,0.1,0.7,3
P73810,TOP1_SYNY3 DNA topoisomerase 1 OS=Synechocystis sp. (strain PCC 6803 / Kazusa) OX=1111708 GN=topA PE=3 SV=1,0.4,-0.6,0.1,0.1,0.5,3
P74175,P74175_SYNY3 HlyD family of secretion proteins OS=Synechocystis sp. (strain PCC 6803 / Kazusa) OX=1111708 GN=hlyD PE=4 SV=1,0.1,0.1,0.1,0.1,0,3
Q55247,GLNB_SYNY3 Nitrogen regulatory protein P-II OS=Synechocystis sp. (strain PCC 6803 / Kazusa) OX=1111708 GN=glnB PE=1 SV=1,0.1,0.1,0.2,0.1,0.1,3
P73312,RL29_SYNY3 50S ribosomal protein L29 OS=Synechocystis sp. (strain PCC 6803 / Kazusa) OX=1111708 GN=rpmC PE=3 SV=1,0.1,0.1,0,0.1,0.1,3
P77965,RPOB_SYNY3 DNA-directed RNA polymerase subunit beta OS=Synechocystis sp. (strain PCC 6803 / Kazusa) OX=1111708 GN=rpoB PE=3 SV=1,-0.3,0.1,0.1,0.1,0.2,3
P74008,SAHH_SYNY3 Adenosylhomocysteinase OS=Synechocystis sp. (strain PCC 6803 / Kazusa) OX=1111708 GN=ahcY PE=3 SV=1,0.1,0.1,0.2,0.1,0.1,3
P73914,P73914_SYNY3 Squalene-hopene-cyclase OS=Synechocystis sp. (strain PCC 6803 / Kazusa) OX=1111708 GN=shc PE=4 SV=1,0.1,0.1,0.1,0.1,0,3
P73789,PPI2_SYNY3 Peptidyl-prolyl cis-trans isomerase slr1251 OS=Synechocystis sp. (strain PCC 6803 / Kazusa) OX=1111708 GN=slr1251 PE=3 SV=1,0.1,-0.1,0.1,0.1,0.1,3
P36236,RL1_SYNY3 50S ribosomal protein L1 OS=Synechocystis sp. (strain PCC 6803 / Kazusa) OX=1111708 GN=rplA PE=3 SV=1,-0,0.3,0.1,0.1,0.2,3
P48957,RL20_SYNY3 50S ribosomal protein L20 OS=Synechocystis sp. (strain PCC 6803 / Kazusa) OX=1111708 GN=rplT PE=3 SV=1,-0.3,0.5,0.1,0.1,0.4,3
P74466,CLPR_SYNY3 Putative ATP-dependent Clp protease proteolytic subunit-like OS=Synechocystis sp. (strain PCC 6803 / Kazusa) OX=1111708 GN=clpR PE=3 SV=1,0.9,0.1,-0.3,0.1,0.6,3
P73334,RPOC2_SYNY3 DNA-directed RNA polymerase subunit beta' OS=Synechocystis sp. (strain PCC 6803 / Kazusa) OX=1111708 GN=rpoC2 PE=3 SV=1,-0.2,0.3,0,0,0.2,3
P74421,PGK_SYNY3 Phosphoglycerate kinase OS=Synechocystis sp. (strain PCC 6803 / Kazusa) OX=1111708 GN=pgk PE=3 SV=2,0,-0.2,0.1,0,0.1,3
P73289,RL25_SYNY3 50S ribosomal protein L25 OS=Synechocystis sp. (strain PCC 6803 / Kazusa) OX=1111708 GN=rplY PE=3 SV=2,0,-0.1,0.2,0,0.1,3
P26287,CYF_SYNY3 Cytochrome f OS=Synechocystis sp. (strain PCC 6803 / Kazusa) OX=1111708 GN=petA PE=3 SV=1,-0.2,0.3,0,0,0.2,3
P73310,RL14_SYNY3 50S ribosomal protein L14 OS=Synechocystis sp. (strain PCC 6803 / Kazusa) OX=1111708 GN=rplN PE=1 SV=1,0.3,0,0,0,0.1,3
P80505,G3P2_SYNY3 Glyceraldehyde-3-phosphate dehydrogenase 2 OS=Synechocystis sp. (strain PCC 6803 / Kazusa) OX=1111708 GN=gap2 PE=1 SV=3,0.2,0,-0,0,0.1,3
Q55544,APCE_SYNY3 Phycobiliprotein ApcE OS=Synechocystis sp. (strain PCC 6803 / Kazusa) OX=1111708 GN=apcE PE=1 SV=1,0,0,0.2,0,0.1,3
Q55480,YZ37_SYNY3 Uncharacterized sugar kinase slr0537 OS=Synechocystis sp. (strain PCC 6803 / Kazusa) OX=1111708 GN=slr0537 PE=3 SV=1,0.2,-0.4,0,0,0.3,3
P74358,P74358_SYNY3 Sll1528 protein OS=Synechocystis sp. (strain PCC 6803 / Kazusa) OX=1111708 GN=sll1528 PE=4 SV=1,0.5,0,-0.2,0,0.3,3
P74750,DPO3A_SYNY3 DNA polymerase III subunit alpha (Fragments) OS=Synechocystis sp. (strain PCC 6803 / Kazusa) OX=1111708 GN=dnaE-N PE=1 SV=2,0,-0.4,0.3,0,0.4,3
P74643,P74643_SYNY3 Phosphoglucomutase OS=Synechocystis sp. (strain PCC 6803 / Kazusa) OX=1111708 GN=pgm PE=3 SV=1,0,0.2,0,0,0.1,3
P72848,HEM6_SYNY3 Oxygen-dependent coproporphyrinogen-III oxidase OS=Synechocystis sp. (strain PCC 6803 / Kazusa) OX=1111708 GN=hemF PE=1 SV=1,0.1,-0.1,0,0,0.1,3
P72649,P72649_SYNY3 Phosphoglycerate mutase OS=Synechocystis sp. (strain PCC 6803 / Kazusa) OX=1111708 GN=gpmB PE=3 SV=1,0,0,-0.3,0,0.2,3
P77969,HEM2_SYNY3 Delta-aminolevulinic acid dehydratase OS=Synechocystis sp. (strain PCC 6803 / Kazusa) OX=1111708 GN=hemB PE=3 SV=1,0.1,-0.1,0,0,0.1,3
P73296,RL17_SYNY3 50S ribosomal protein L17 OS=Synechocystis sp. (strain PCC 6803 / Kazusa) OX=1111708 GN=rplQ PE=3 SV=1,-0.4,0,0,0,0.3,3
P74689,ILVD_SYNY3 Dihydroxy-acid dehydratase OS=Synechocystis sp. (strain PCC 6803 / Kazusa) OX=1111708 GN=ilvD PE=3 SV=1,-0.8,0.6,0,0,0.7,3
Q57038,CYB6_SYNY3 Cytochrome b6 OS=Synechocystis sp. (strain PCC 6803 / Kazusa) OX=1111708 GN=petB PE=3 SV=1,-0.4,0,0.2,0,0.3,3
Q55514,Q55514_SYNY3 Slr0552 protein OS=Synechocystis sp. (strain PCC 6803 / Kazusa) OX=1111708 GN=slr0552 PE=4 SV=1,-0.3,0.1,0,0,0.2,3
P74457,PYRH_SYNY3 Uridylate kinase OS=Synechocystis sp. (strain PCC 6803 / Kazusa) OX=1111708 GN=pyrH PE=3 SV=1,0.3,0,-0.4,0,0.3,3
P73204,"PYR2_SYNY3 Phycobilisome 32.1 kDa linker polypeptide, phycocyanin-associated, rod 2 OS=Synechocystis sp. (strain PCC 6803 / Kazusa) OX=1111708 GN=cpcC2 PE=1 SV=1",-0.1,0,0,0,0.1,3
P73297,RPOA_SYNY3 DNA-directed RNA polymerase subunit alpha OS=Synechocystis sp. (strain PCC 6803 / Kazusa) OX=1111708 GN=rpoA PE=3 SV=1,-0,0.3,0,0,0.2,3
P05429,PSBB_SYNY3 Photosystem II CP47 reaction center protein OS=Synechocystis sp. (strain PCC 6803 / Kazusa) OX=1111708 GN=psbB PE=1 SV=1,0,0.1,-0,0,0.1,3
Q55707,Y617_SYNY3 Uncharacterized protein sll0617 OS=Synechocystis sp. (strain PCC 6803 / Kazusa) OX=1111708 GN=sll0617 PE=3 SV=1,0.3,-0.7,0,0,0.5,3
P48939,RS4_SYNY3 30S ribosomal protein S4 OS=Synechocystis sp. (strain PCC 6803 / Kazusa) OX=1111708 GN=rpsD PE=3 SV=1,0.1,-0.3,-0,-0,0.2,3
P73315,RL22_SYNY3 50S ribosomal protein L22 OS=Synechocystis sp. (strain PCC 6803 / Kazusa) OX=1111708 GN=rplV PE=3 SV=1,-0.5,0.5,-0,-0,0.5,3
P73418,DBH_SYNY3 DNA-binding protein HU OS=Synechocystis sp. (strain PCC 6803 / Kazusa) OX=1111708 GN=hup PE=3 SV=2,-0.2,0.2,-0,-0,0.2,3
P72656,RNE_SYNY3 Ribonuclease E/G-like protein OS=Synechocystis sp. (strain PCC 6803 / Kazusa) OX=1111708 GN=rne PE=3 SV=1,0.5,-0.2,-0,-0,0.3,3
P48946,RS18_SYNY3 30S ribosomal protein S18 OS=Synechocystis sp. (strain PCC 6803 / Kazusa) OX=1111708 GN=rpsR PE=3 SV=1,-0,-0.1,0.3,-0,0.2,3
P74467,CLPP3_SYNY3 Probable ATP-dependent Clp protease proteolytic subunit 3 OS=Synechocystis sp. (strain PCC 6803 / Kazusa) OX=1111708 GN=clpP3 PE=3 SV=1,-0,-0.5,0.9,-0,0.7,3
P73946,P73946_SYNY3 Slr1506 protein OS=Synechocystis sp. (strain PCC 6803 / Kazusa) OX=1111708 GN=slr1506 PE=4 SV=1,-0.5,0.1,-0,-0,0.3,3
P73320,RL3_SYNY3 50S ribosomal protein L3 OS=Synechocystis sp. (strain PCC 6803 / Kazusa) OX=1111708 GN=rplC PE=3 SV=1,-0,0.1,-0.1,-0,0.1,3
P73722,LEXA_SYNY3 Transcription regulator LexA OS=Synechocystis sp. (strain PCC 6803 / Kazusa) OX=1111708 GN=lexA PE=1 SV=1,0.4,-0,-0,-0,0.3,3
P52208,"6PGD_SYNY3 6-phosphogluconate dehydrogenase, decarboxylating OS=Synechocystis sp. (strain PCC 6803 / Kazusa) OX=1111708 GN=gnd PE=3 SV=1",-0,-0,-0.3,-0,0.1,3
Q55517,Q55517_SYNY3 Sll0529 protein OS=Synechocystis sp. (strain PCC 6803 / Kazusa) OX=1111708 GN=sll0529 PE=4 SV=1,0.8,-0,-0,-0,0.5,3
Q55366,Q55366_SYNY3 Ferredoxin--nitrite reductase OS=Synechocystis sp. (strain PCC 6803 / Kazusa) OX=1111708 GN=nirA PE=3 SV=1,-0,0.1,-0,-0,0.1,3
P73313,RL16_SYNY3 50S ribosomal protein L16 OS=Synechocystis sp. (strain PCC 6803 / Kazusa) OX=1111708 GN=rplP PE=3 SV=1,0.9,-0,-0.2,-0,0.6,3
P22358,DNAK2_SYNY3 Chaperone protein dnaK2 OS=Synechocystis sp. (strain PCC 6803 / Kazusa) OX=1111708 GN=dnaK2 PE=2 SV=1,-0,-0.1,-0,-0,0.1,3
P12975,PSAE_SYNY3 Photosystem I reaction center subunit IV OS=Synechocystis sp. (strain PCC 6803 / Kazusa) OX=1111708 GN=psaE PE=1 SV=4,-0.7,0,-0,-0,0.4,3
P72659,PNP_SYNY3 Polyribonucleotide nucleotidyltransferase OS=Synechocystis sp. (strain PCC 6803 / Kazusa) OX=1111708 GN=pnp PE=3 SV=1,-0,-0.1,0.4,-0,0.3,3
P37101,KPPR_SYNY3 Phosphoribulokinase OS=Synechocystis sp. (strain PCC 6803 / Kazusa) OX=1111708 GN=prk PE=2 SV=1,-0,-0.1,0,-0,0,3
P73606,P73606_SYNY3 Slr1855 protein OS=Synechocystis sp. (strain PCC 6803 / Kazusa) OX=1111708 GN=slr1855 PE=4 SV=1,0.2,-0,-0.2,-0,0.2,3
P74275,P74275_SYNY3 Delta-1-pyrroline-5-carboxylate dehydrogenase OS=Synechocystis sp. (strain PCC 6803 / Kazusa) OX=1111708 GN=putA PE=3 SV=1,0,-0.3,-0,-0,0.2,3
P73833,CPHA_SYNY3 Cyanophycin synthetase OS=Synechocystis sp. (strain PCC 6803 / Kazusa) OX=1111708 GN=cphA PE=3 SV=1,0.1,-0,-0.8,-0,0.5,3
P72683,P72683_SYNY3 Geranylgeranyl pyrophosphate synthase OS=Synechocystis sp. (strain PCC 6803 / Kazusa) OX=1111708 GN=crtE PE=3 SV=1,-0.3,0.1,-0,-0,0.2,3
Q55664,ALF2_SYNY3 Fructose-bisphosphate aldolase class 2 OS=Synechocystis sp. (strain PCC 6803 / Kazusa) OX=1111708 GN=fbaA PE=1 SV=3,-0,0.1,-0.1,-0,0.1,3
P73348,P73348_SYNY3 Rehydrin OS=Synechocystis sp. (strain PCC 6803 / Kazusa) OX=1111708 GN=slr1198 PE=1 SV=1,-0.4,-0.1,0,-0.1,0.2,3
Q55828,DAPAT_SYNY3 LL-diaminopimelate aminotransferase OS=Synechocystis sp. (strain PCC 6803 / Kazusa) OX=1111708 GN=dapL PE=1 SV=1,-0.2,-0.1,0,-0.1,0.1,3
P73093,P73093_SYNY3 Phycobilisome rod-core linker polypeptide CpcG OS=Synechocystis sp. (strain PCC 6803 / Kazusa) OX=1111708 GN=cpcG PE=3 SV=1,-0.5,-0.1,-0,-0.1,0.3,3
P36237,RL11_SYNY3 50S ribosomal protein L11 OS=Synechocystis sp. (strain PCC 6803 / Kazusa) OX=1111708 GN=rplK PE=3 SV=1,-1.1,-0.1,0.1,-0.1,0.7,3
P73728,PRX5_SYNY3 Peroxiredoxin sll1621 OS=Synechocystis sp. (strain PCC 6803 / Kazusa) OX=1111708 GN=sll1621 PE=1 SV=1,-0.1,-0.1,-0,-0.1,0,3
P73765,P73765_SYNY3 Slr0869 protein OS=Synechocystis sp. (strain PCC 6803 / Kazusa) OX=1111708 GN=slr0869 PE=4 SV=1,-0.4,-0.1,-0,-0.1,0.2,3
P73604,P73604_SYNY3 Slr1853 protein OS=Synechocystis sp. (strain PCC 6803 / Kazusa) OX=1111708 GN=slr1853 PE=4 SV=1,-0.9,0.2,-0.1,-0.1,0.6,3
P73336,RS20_SYNY3 30S ribosomal protein S20 OS=Synechocystis sp. (strain PCC 6803 / Kazusa) OX=1111708 GN=rpsT PE=3 SV=1,-0.5,-0.1,0.4,-0.1,0.4,3
P27724,NDHH_SYNY3 NAD(P)H-quinone oxidoreductase subunit H OS=Synechocystis sp. (strain PCC 6803 / Kazusa) OX=1111708 GN=ndhH PE=1 SV=3,-0.1,-0.1,-0.2,-0.1,0,3
P73600,P73600_SYNY3 Sll1785 protein OS=Synechocystis sp. (strain PCC 6803 / Kazusa) OX=1111708 GN=sll1785 PE=1 SV=1,0.8,-0.1,-0.5,-0.1,0.6,3
P77970,P77970_SYNY3 Glutamate--ammonia ligase OS=Synechocystis sp. (strain PCC 6803 / Kazusa) OX=1111708 GN=glnN PE=3 SV=1,0,-0.7,-0.1,-0.1,0.4,3
P73405,P73405_SYNY3 Pyruvate dehydrogenase E1 beta subunit OS=Synechocystis sp. (strain PCC 6803 / Kazusa) OX=1111708 GN=pdhB PE=4 SV=1,-0,-0.1,-1,-0.1,0.6,3
P74426,P74426_SYNY3 Sll0359 protein OS=Synechocystis sp. (strain PCC 6803 / Kazusa) OX=1111708 GN=sll0359 PE=1 SV=1,-0.3,-0.1,0.1,-0.1,0.2,3
P72586,"P72586_SYNY3 GDP-mannose 4,6-dehydratase OS=Synechocystis sp. (strain PCC 6803 / Kazusa) OX=1111708 GN=rfbD PE=3 SV=1",-0.6,-0,-0.1,-0.1,0.3,3
P54205,RBL_SYNY3 Ribulose bisphosphate carboxylase large chain OS=Synechocystis sp. (strain PCC 6803 / Kazusa) OX=1111708 GN=cbbL PE=1 SV=1,-0.4,-0,-0.1,-0.1,0.2,3
P74456,RRF_SYNY3 Ribosome-recycling factor OS=Synechocystis sp. (strain PCC 6803 / Kazusa) OX=1111708 GN=frr PE=3 SV=1,-1,0.2,-0.1,-0.1,0.7,3
P73488,P73488_SYNY3 Sll1130 protein OS=Synechocystis sp. (strain PCC 6803 / Kazusa) OX=1111708 GN=sll1130 PE=4 SV=1,-0.7,-0,-0.1,-0.1,0.3,3
P73282,P73282_SYNY3 Transketolase OS=Synechocystis sp. (strain PCC 6803 / Kazusa) OX=1111708 GN=tktA PE=3 SV=1,-0,-0.1,-0.1,-0.1,0.1,3
P73305,RL18_SYNY3 50S ribosomal protein L18 OS=Synechocystis sp. (strain PCC 6803 / Kazusa) OX=1111708 GN=rplR PE=3 SV=1,0.4,-0.1,-0.2,-0.1,0.3,3
P73107,P73107_SYNY3 Sll1837 protein OS=Synechocystis sp. (strain PCC 6803 / Kazusa) OX=1111708 GN=sll1837 PE=4 SV=1,-0.2,0.4,-0.1,-0.1,0.3,3
P54899,ARGC_SYNY3 N-acetyl-gamma-glutamyl-phosphate reductase OS=Synechocystis sp. (strain PCC 6803 / Kazusa) OX=1111708 GN=argC PE=3 SV=1,-0.1,-0.2,-0.1,-0.1,0.1,3
P73133,ARGD_SYNY3 Acetylornithine aminotransferase OS=Synechocystis sp. (strain PCC 6803 / Kazusa) OX=1111708 GN=argD PE=3 SV=1,0.2,-0.3,-0.1,-0.1,0.3,3
P49057,GUAA_SYNY3 GMP synthase [glutamine-hydrolyzing] OS=Synechocystis sp. (strain PCC 6803 / Kazusa) OX=1111708 GN=guaA PE=3 SV=1,-0.1,-0.3,0,-0.1,0.2,3
P74071,RS2_SYNY3 30S ribosomal protein S2 OS=Synechocystis sp. (strain PCC 6803 / Kazusa) OX=1111708 GN=rpsB PE=3 SV=1,-0.1,0,-0.2,-0.1,0.1,3
P54691,ILVE_SYNY3 Probable branched-chain-amino-acid aminotransferase OS=Synechocystis sp. (strain PCC 6803 / Kazusa) OX=1111708 GN=ilvE PE=3 SV=1,-0.1,-0.2,-0.1,-0.1,0.1,3
P74490,P74490_SYNY3 Pyruvate dehydrogenase E1 component subunit alpha OS=Synechocystis sp. (strain PCC 6803 / Kazusa) OX=1111708 GN=pdhA PE=4 SV=1,0.4,-0.1,-0.2,-0.1,0.3,3
Q55765,Q55765_SYNY3 RNA-binding protein OS=Synechocystis sp. (strain PCC 6803 / Kazusa) OX=1111708 GN=slr0193 PE=4 SV=1,-0,-0.3,-0.1,-0.1,0.1,3
P73203,"PYR1_SYNY3 Phycobilisome 32.1 kDa linker polypeptide, phycocyanin-associated, rod 1 OS=Synechocystis sp. (strain PCC 6803 / Kazusa) OX=1111708 GN=cpcC1 PE=1 SV=3",-0.2,-0.1,-0.1,-0.1,0.1,3
P73799,P73799_SYNY3 Slr1259 protein OS=Synechocystis sp. (strain PCC 6803 / Kazusa) OX=1111708 GN=slr1259 PE=4 SV=1,-0.1,-0.3,-0.1,-0.1,0.1,3
Q55604,Q55604_SYNY3 Slr0769 protein OS=Synechocystis sp. (strain PCC 6803 / Kazusa) OX=1111708 GN=slr0769 PE=4 SV=1,-2.1,-0.1,-0.2,-0.2,1.2,3
P52981,"GLGB_SYNY3 1,4-alpha-glucan branching enzyme GlgB OS=Synechocystis sp. (strain PCC 6803 / Kazusa) OX=1111708 GN=glgB PE=3 SV=1",0.1,-0.2,-0.7,-0.2,0.4,3
P74410,RS16_SYNY3 30S ribosomal protein S16 OS=Synechocystis sp. (strain PCC 6803 / Kazusa) OX=1111708 GN=rpsP PE=3 SV=1,-0.1,-0.4,-0.2,-0.2,0.2,3
P19125,NDHJ_SYNY3 NAD(P)H-quinone oxidoreductase subunit J OS=Synechocystis sp. (strain PCC 6803 / Kazusa) OX=1111708 GN=ndhJ PE=1 SV=4,0.6,-0.5,-0.2,-0.2,0.6,3
P74233,P74233_SYNY3 Slr1160 protein OS=Synechocystis sp. (strain PCC 6803 / Kazusa) OX=1111708 GN=slr1160 PE=4 SV=1,-1.1,-0.2,-0.1,-0.2,0.6,3
P73911,KATG_SYNY3 Catalase-peroxidase OS=Synechocystis sp. (strain PCC 6803 / Kazusa) OX=1111708 GN=katG PE=1 SV=1,-0,-0.5,-0.2,-0.2,0.2,3
P74789,P74789_SYNY3 Sll0319 protein OS=Synechocystis sp. (strain PCC 6803 / Kazusa) OX=1111708 GN=sll0319 PE=4 SV=1,-0.3,-0.2,0.3,-0.2,0.3,3
P20804,ACP_SYNY3 Acyl carrier protein OS=Synechocystis sp. (strain PCC 6803 / Kazusa) OX=1111708 GN=acpP PE=1 SV=2,-0.2,-0.3,-0,-0.2,0.1,3
P73762,P73762_SYNY3 Sll0837 protein OS=Synechocystis sp. (strain PCC 6803 / Kazusa) OX=1111708 GN=sll0837 PE=4 SV=1,0.1,-0.2,-0.7,-0.2,0.4,3
P74463,P74463_SYNY3 Twitching motility protein OS=Synechocystis sp. (strain PCC 6803 / Kazusa) OX=1111708 GN=pilT PE=4 SV=1,-1,0.1,-0.2,-0.2,0.6,3
Q59978,GRPE_SYNY3 Protein GrpE OS=Synechocystis sp. (strain PCC 6803 / Kazusa) OX=1111708 GN=grpE PE=3 SV=1,-0.2,-0.2,-0.1,-0.2,0.1,3
P73287,P73287_SYNY3 Bacterioferritin OS=Synechocystis sp. (strain PCC 6803 / Kazusa) OX=1111708 GN=bfr PE=3 SV=1,-0.8,-0.2,-0.1,-0.2,0.4,3
P26527,ATPB_SYNY3 ATP synthase subunit beta OS=Synechocystis sp. (strain PCC 6803 / Kazusa) OX=1111708 GN=atpD PE=3 SV=1,-0.4,-0.2,-0.2,-0.2,0.1,3
P73530,RS1A_SYNY3 30S ribosomal protein S1 homolog A OS=Synechocystis sp. (strain PCC 6803 / Kazusa) OX=1111708 GN=rps1A PE=3 SV=1,-0.2,-0.1,-0.2,-0.2,0.1,3
P73321,Y1894_SYNY3 Uncharacterized protein slr1894 OS=Synechocystis sp. (strain PCC 6803 / Kazusa) OX=1111708 GN=slr1894 PE=3 SV=1,-0.1,-0.2,-0.2,-0.2,0,3
P73318,RL23_SYNY3 50S ribosomal protein L23 OS=Synechocystis sp. (strain PCC 6803 / Kazusa) OX=1111708 GN=rplW PE=3 SV=1,-0.2,-0.2,-0.4,-0.2,0.1,3
Q55154,DNAK1_SYNY3 Chaperone protein dnaK1 OS=Synechocystis sp. (strain PCC 6803 / Kazusa) OX=1111708 GN=dnaK1 PE=3 SV=1,0.8,-0.2,-0.3,-0.2,0.6,3
Q54714,PHCB_SYNY3 C-phycocyanin beta chain OS=Synechocystis sp. (strain PCC 6803 / Kazusa) OX=1111708 GN=cpcB PE=1 SV=2,-0.3,-0.2,-0.1,-0.2,0.1,3
P73274,SYL_SYNY3 Leucine--tRNA ligase OS=Synechocystis sp. (strain PCC 6803 / Kazusa) OX=1111708 GN=leuS PE=3 SV=1,0.1,-0.2,-0.4,-0.2,0.2,3
P73643,P73643_SYNY3 Sll1762 protein OS=Synechocystis sp. (strain PCC 6803 / Kazusa) OX=1111708 GN=sll1762 PE=4 SV=1,-0.7,-0.2,-0.2,-0.2,0.3,3
P73222,P73222_SYNY3 Slr2005 protein OS=Synechocystis sp. (strain PCC 6803 / Kazusa) OX=1111708 GN=slr2005 PE=4 SV=1,-0.2,-0.2,-0.2,-0.2,0,3
P74227,EFTU_SYNY3 Elongation factor Tu OS=Synechocystis sp. (strain PCC 6803 / Kazusa) OX=1111708 GN=tuf PE=1 SV=1,-0.3,-0.2,-0.1,-0.2,0.1,3
P74267,RL27_SYNY3 50S ribosomal protein L27 OS=Synechocystis sp. (strain PCC 6803 / Kazusa) OX=1111708 GN=rpmA PE=3 SV=1,-0.9,0.4,-0.2,-0.2,0.6,3
P74630,P74630_SYNY3 Sll0735 protein OS=Synechocystis sp. (strain PCC 6803 / Kazusa) OX=1111708 GN=sll0735 PE=3 SV=1,0.1,-0.2,-1.3,-0.2,0.8,3
P23350,RL10_SYNY3 50S ribosomal protein L10 OS=Synechocystis sp. (strain PCC 6803 / Kazusa) OX=1111708 GN=rplJ PE=3 SV=1,-0.2,-0.5,0.2,-0.2,0.3,3
P72740,DLDH_SYNY3 Dihydrolipoyl dehydrogenase OS=Synechocystis sp. (strain PCC 6803 / Kazusa) OX=1111708 GN=lpdA PE=1 SV=3,-0.1,-0.2,-0.2,-0.2,0.1,3
P72749,TYPA_SYNY3 GTP-binding protein TypA/BipA homolog OS=Synechocystis sp. (strain PCC 6803 / Kazusa) OX=1111708 GN=typA PE=3 SV=1,-0.2,0.1,-0.3,-0.2,0.2,3
P77972,ENO_SYNY3 Enolase OS=Synechocystis sp. (strain PCC 6803 / Kazusa) OX=1111708 GN=eno PE=3 SV=1,-0.3,-0.3,-0.2,-0.3,0.1,3
P73565,P73565_SYNY3 Sll0872 protein OS=Synechocystis sp. (strain PCC 6803 / Kazusa) OX=1111708 GN=sll0872 PE=4 SV=1,-0.3,-0.6,-0.1,-0.3,0.2,3
P72937,P72937_SYNY3 Slr0670 protein OS=Synechocystis sp. (strain PCC 6803 / Kazusa) OX=1111708 GN=slr0670 PE=4 SV=1,-0,-0.3,-0.3,-0.3,0.1,3
P73609,P73609_SYNY3 Anti-sigma factor antagonist OS=Synechocystis sp. (strain PCC 6803 / Kazusa) OX=1111708 GN=slr1859 PE=3 SV=1,-0.3,-0.2,-0.3,-0.3,0,3
P27180,ATPD_SYNY3 ATP synthase subunit delta OS=Synechocystis sp. (strain PCC 6803 / Kazusa) OX=1111708 GN=atpH PE=3 SV=1,-0.3,-0,-0.3,-0.3,0.2,3
P74002,Y1322_SYNY3 Metalloprotease slr1322 OS=Synechocystis sp. (strain PCC 6803 / Kazusa) OX=1111708 GN=slr1322 PE=3 SV=1,0.5,-0.3,-0.9,-0.3,0.7,3
P73061,URE1_SYNY3 Urease subunit alpha OS=Synechocystis sp. (strain PCC 6803 / Kazusa) OX=1111708 GN=ureC PE=3 SV=1,-0.2,-0.3,-0.3,-0.3,0,3
P72870,APCD_SYNY3 Allophycocyanin subunit alpha-B OS=Synechocystis sp. (strain PCC 6803 / Kazusa) OX=1111708 GN=apcD PE=1 SV=1,-0.3,-0.6,-0,-0.3,0.3,3
P74361,CLPB2_SYNY3 Chaperone protein ClpB 2 OS=Synechocystis sp. (strain PCC 6803 / Kazusa) OX=1111708 GN=clpB2 PE=3 SV=1,-0.6,0.2,-0.3,-0.3,0.4,3
Q55756,CARB_SYNY3 Carbamoyl-phosphate synthase large chain OS=Synechocystis sp. (strain PCC 6803 / Kazusa) OX=1111708 GN=carB PE=3 SV=2,-0.3,-0.3,-0.2,-0.3,0.1,3
P73314,RS3_SYNY3 30S ribosomal protein S3 OS=Synechocystis sp. (strain PCC 6803 / Kazusa) OX=1111708 GN=rpsC PE=1 SV=3,-0.3,0,-0.6,-0.3,0.3,3
P74344,P74344_SYNY3 Molybdopterin biosynthesis MoeB protein OS=Synechocystis sp. (strain PCC 6803 / Kazusa) OX=1111708 GN=moeB PE=4 SV=1,-1.1,-0.3,-0.1,-0.3,0.5,3
P73283,FABF_SYNY3 3-oxoacyl-[acyl-carrier-protein] synthase 2 OS=Synechocystis sp. (strain PCC 6803 / Kazusa) OX=1111708 GN=fabF PE=1 SV=1,0.5,-0.3,-0.9,-0.3,0.7,3
Q01952,APCB_SYNY3 Allophycocyanin beta chain OS=Synechocystis sp. (strain PCC 6803 / Kazusa) OX=1111708 GN=apcB PE=1 SV=1,-0.4,-0.4,-0.2,-0.4,0.1,3
P72644,PURL_SYNY3 Phosphoribosylformylglycinamidine synthase subunit PurL OS=Synechocystis sp. (strain PCC 6803 / Kazusa) OX=1111708 GN=purL PE=3 SV=2,0.8,-0.4,-0.4,-0.4,0.7,3
P73922,"FBSB_SYNY3 D-fructose 1,6-bisphosphatase class 2/sedoheptulose 1,7-bisphosphatase OS=Synechocystis sp. (strain PCC 6803 / Kazusa) OX=1111708 GN=slr2094 PE=1 SV=1",-0.4,-0.1,-0.4,-0.4,0.2,3
P54206,RBS_SYNY3 Ribulose bisphosphate carboxylase small chain OS=Synechocystis sp. (strain PCC 6803 / Kazusa) OX=1111708 GN=cbbS PE=3 SV=1,-0.7,-0.4,-0.3,-0.4,0.2,3
Q55387,Q55387_SYNY3 Periplasmic binding protein of ABC transporter for natural amino acids OS=Synechocystis sp. (strain PCC 6803 / Kazusa) OX=1111708 GN=natB PE=4 SV=1,-0.5,-0.1,-0.4,-0.4,0.2,3
P74079,P74079_SYNY3 Slr1342 protein OS=Synechocystis sp. (strain PCC 6803 / Kazusa) OX=1111708 GN=slr1342 PE=4 SV=1,0.3,-0.7,-0.4,-0.4,0.5,3
P73971,AMPA_SYNY3 Probable cytosol aminopeptidase OS=Synechocystis sp. (strain PCC 6803 / Kazusa) OX=1111708 GN=pepA PE=3 SV=2,-0,-0.4,-0.7,-0.4,0.3,3
P72760,CCMK1_SYNY3 Carbon dioxide-concentrating mechanism protein CcmK homolog 1 OS=Synechocystis sp. (strain PCC 6803 / Kazusa) OX=1111708 GN=ccmK1 PE=1 SV=3,-0.4,-0.5,-0.3,-0.4,0.1,3
P77961,GLN1B_SYNY3 Glutamine synthetase OS=Synechocystis sp. (strain PCC 6803 / Kazusa) OX=1111708 GN=glnA PE=1 SV=2,-0.4,-0.4,-0.3,-0.4,0.1,3
P74352,RPOZ_SYNY3 DNA-directed RNA polymerase subunit omega OS=Synechocystis sp. (strain PCC 6803 / Kazusa) OX=1111708 GN=rpoZ PE=3 SV=1,-0.3,-1.4,-0.4,-0.4,0.6,3
P73043,P73043_SYNY3 Glutamate decarboxylase OS=Synechocystis sp. (strain PCC 6803 / Kazusa) OX=1111708 GN=gad PE=3 SV=1,0,-0.6,-0.4,-0.4,0.3,3
P73353,P73353_SYNY3 Slr1203 protein OS=Synechocystis sp. (strain PCC 6803 / Kazusa) OX=1111708 GN=slr1203 PE=4 SV=1,-0.6,-0.4,-0.4,-0.4,0.1,3
P73660,HEM3_SYNY3 Porphobilinogen deaminase OS=Synechocystis sp. (strain PCC 6803 / Kazusa) OX=1111708 GN=hemC PE=3 SV=1,-0.7,0,-0.4,-0.4,0.3,3
Q55770,Q55770_SYNY3 Sll0185 protein OS=Synechocystis sp. (strain PCC 6803 / Kazusa) OX=1111708 GN=sll0185 PE=4 SV=1,-0.9,-0.4,0,-0.4,0.4,3
P74394,P74394_SYNY3 Sll0272 protein OS=Synechocystis sp. (strain PCC 6803 / Kazusa) OX=1111708 GN=sll0272 PE=4 SV=1,-0.4,-1.1,-0.3,-0.4,0.4,3
P72991,FTSH3_SYNY3 ATP-dependent zinc metalloprotease FtsH 3 OS=Synechocystis sp. (strain PCC 6803 / Kazusa) OX=1111708 GN=ftsH3 PE=1 SV=1,-0,-0.4,-0.7,-0.4,0.4,3
P72769,P72769_SYNY3 Slr1774 protein OS=Synechocystis sp. (strain PCC 6803 / Kazusa) OX=1111708 GN=slr1774 PE=4 SV=1,-2,-0.4,-0.4,-0.4,0.9,3
P74665,P74665_SYNY3 Glutathione S-transferase OS=Synechocystis sp. (strain PCC 6803 / Kazusa) OX=1111708 GN=gst1 PE=4 SV=1,-0.4,-0.8,-0.1,-0.4,0.4,3
P19050,NDHK1_SYNY3 NAD(P)H-quinone oxidoreductase subunit K 1 OS=Synechocystis sp. (strain PCC 6803 / Kazusa) OX=1111708 GN=ndhK1 PE=1 SV=1,-1,0.1,-0.4,-0.4,0.6,3
P72761,CCMK2_SYNY3 Carbon dioxide-concentrating mechanism protein CcmK homolog 2 OS=Synechocystis sp. (strain PCC 6803 / Kazusa) OX=1111708 GN=ccmK2 PE=1 SV=3,-0.4,-0.6,-0.4,-0.4,0.1,3
P74795,P74795_SYNY3 Ssl0352 protein OS=Synechocystis sp. (strain PCC 6803 / Kazusa) OX=1111708 GN=ssl0352 PE=1 SV=1,0.1,-0.5,-0.7,-0.5,0.4,3
P73037,P73037_SYNY3 Peptidyl-prolyl cis-trans isomerase OS=Synechocystis sp. (strain PCC 6803 / Kazusa) OX=1111708 GN=ytfC PE=3 SV=1,-0.5,-0.8,-0.1,-0.5,0.3,3
P73302,KAD1_SYNY3 Adenylate kinase 1 OS=Synechocystis sp. (strain PCC 6803 / Kazusa) OX=1111708 GN=adk1 PE=3 SV=2,0.2,-0.7,-0.5,-0.5,0.5,3
Q05971,CH10_SYNY3 10 kDa chaperonin OS=Synechocystis sp. (strain PCC 6803 / Kazusa) OX=1111708 GN=groS PE=1 SV=3,-1.1,-0.5,-0.4,-0.5,0.4,3
P72781,P72781_SYNY3 NarL subfamily OS=Synechocystis sp. (strain PCC 6803 / Kazusa) OX=1111708 GN=slr1783 PE=4 SV=1,-0.5,-4.7,-0.3,-0.5,2.5,3
P80046,IDH_SYNY3 Isocitrate dehydrogenase [NADP] OS=Synechocystis sp. (strain PCC 6803 / Kazusa) OX=1111708 GN=icd PE=1 SV=2,-0.5,-0.3,-0.5,-0.5,0.1,3
P73048,P73048_SYNY3 Sll1638 protein OS=Synechocystis sp. (strain PCC 6803 / Kazusa) OX=1111708 GN=sll1638 PE=1 SV=1,-0.4,-0.5,-0.7,-0.5,0.1,3
P73463,P73463_SYNY3 Slr1220 protein OS=Synechocystis sp. (strain PCC 6803 / Kazusa) OX=1111708 GN=slr1220 PE=4 SV=1,0.4,-0.5,-1.1,-0.5,0.8,3
Q55013,CY550_SYNY3 Cytochrome c-550 OS=Synechocystis sp. (strain PCC 6803 / Kazusa) OX=1111708 GN=psbV PE=1 SV=2,-0.5,-0.5,-0.6,-0.5,0.1,3
P74494,NDK_SYNY3 Nucleoside diphosphate kinase OS=Synechocystis sp. (strain PCC 6803 / Kazusa) OX=1111708 GN=ndk PE=1 SV=1,-0.5,-0.1,-0.6,-0.5,0.3,3
P73128,P73128_SYNY3 Sulfolipid biosynthesis protein SqdB OS=Synechocystis sp. (strain PCC 6803 / Kazusa) OX=1111708 GN=sqdB PE=4 SV=1,-0.8,-0.5,-0.2,-0.5,0.3,3
P54224,DCUP_SYNY3 Uroporphyrinogen decarboxylase OS=Synechocystis sp. (strain PCC 6803 / Kazusa) OX=1111708 GN=hemE PE=3 SV=1,-0.4,-0.5,-0.7,-0.5,0.1,3
Q55663,DXR_SYNY3 1-deoxy-D-xylulose 5-phosphate reductoisomerase OS=Synechocystis sp. (strain PCC 6803 / Kazusa) OX=1111708 GN=dxr PE=3 SV=1,-0.5,-0.8,-0.5,-0.5,0.2,3
P73824,GPX2_SYNY3 Hydroperoxy fatty acid reductase gpx2 OS=Synechocystis sp. (strain PCC 6803 / Kazusa) OX=1111708 GN=gpx2 PE=1 SV=1,-2.3,-0.5,-0.4,-0.5,1.1,3
P74551,APCF_SYNY3 Allophycocyanin subunit beta-18 OS=Synechocystis sp. (strain PCC 6803 / Kazusa) OX=1111708 GN=apcF PE=3 SV=1,-0.4,-0.6,-0.5,-0.5,0.1,3
P26290,UCRIB_SYNY3 Cytochrome b6-f complex iron-sulfur subunit 2 OS=Synechocystis sp. (strain PCC 6803 / Kazusa) OX=1111708 GN=petC2 PE=3 SV=2,-0.6,-0.2,-0.6,-0.6,0.2,3
P46445,CYC6_SYNY3 Cytochrome c6 OS=Synechocystis sp. (strain PCC 6803 / Kazusa) OX=1111708 GN=petJ PE=1 SV=1,-0.7,-0.6,-0.1,-0.6,0.3,3
P74036,P74036_SYNY3 dTDP-glucose 4-6-dehydratase OS=Synechocystis sp. (strain PCC 6803 / Kazusa) OX=1111708 GN=rfbB PE=4 SV=1,-0.1,-0.9,-0.6,-0.6,0.4,3
P74771,NDHO_SYNY3 NAD(P)H-quinone oxidoreductase subunit O OS=Synechocystis sp. (strain PCC 6803 / Kazusa) OX=1111708 GN=ndhO PE=1 SV=1,-0.6,-0.9,0,-0.6,0.5,3
P74189,P74189_SYNY3 General secretion pathway protein D OS=Synechocystis sp. (strain PCC 6803 / Kazusa) OX=1111708 GN=gspD PE=3 SV=1,0.7,-0.6,-1.4,-0.6,1.1,3
Q55512,DHAS_SYNY3 Aspartate-semialdehyde dehydrogenase OS=Synechocystis sp. (strain PCC 6803 / Kazusa) OX=1111708 GN=asd PE=3 SV=2,-0.2,-0.6,-1.4,-0.6,0.6,3
Q54715,PHCA_SYNY3 C-phycocyanin alpha chain OS=Synechocystis sp. (strain PCC 6803 / Kazusa) OX=1111708 GN=cpcA PE=1 SV=1,-0.6,-0.8,-0.5,-0.6,0.1,3
P73057,Y1847_SYNY3 Nucleoid-associated protein slr1847 OS=Synechocystis sp. (strain PCC 6803 / Kazusa) OX=1111708 GN=slr1847 PE=3 SV=1,-0.7,0,-0.6,-0.6,0.4,3
P72940,CYSC_SYNY3 Probable adenylyl-sulfate kinase OS=Synechocystis sp. (strain PCC 6803 / Kazusa) OX=1111708 GN=cysC PE=1 SV=1,-0.7,-0.1,-0.6,-0.6,0.3,3
P72655,Y1128_SYNY3 Uncharacterized protein slr1128 OS=Synechocystis sp. (strain PCC 6803 / Kazusa) OX=1111708 GN=slr1128 PE=3 SV=1,-0.5,-0.9,-0.6,-0.6,0.2,3
Q55386,Q55386_SYNY3 Slr0924 protein OS=Synechocystis sp. (strain PCC 6803 / Kazusa) OX=1111708 GN=slr0924 PE=4 SV=1,-0.6,-0.5,-1,-0.6,0.2,3
Q55332,PSBU_SYNY3 Photosystem II 12 kDa extrinsic protein OS=Synechocystis sp. (strain PCC 6803 / Kazusa) OX=1111708 GN=psbU PE=1 SV=2,-1.3,-0.6,-0.7,-0.7,0.4,3
Q55119,EFP_SYNY3 Elongation factor P OS=Synechocystis sp. (strain PCC 6803 / Kazusa) OX=1111708 GN=efp PE=3 SV=1,-0.2,-0.7,-1.7,-0.7,0.7,3
Q01951,PHAA_SYNY3 Allophycocyanin alpha chain OS=Synechocystis sp. (strain PCC 6803 / Kazusa) OX=1111708 GN=apcA PE=1 SV=3,-0.7,-0.8,-0.6,-0.7,0.1,3
P73458,P73458_SYNY3 Carboxyl-terminal protease OS=Synechocystis sp. (strain PCC 6803 / Kazusa) OX=1111708 GN=prc PE=3 SV=1,-0.2,-1,-0.7,-0.7,0.4,3
P42352,RL9_SYNY3 50S ribosomal protein L9 OS=Synechocystis sp. (strain PCC 6803 / Kazusa) OX=1111708 GN=rplI PE=3 SV=2,-0.8,-0.7,-0.5,-0.7,0.1,3
P52983,G6PI_SYNY3 Glucose-6-phosphate isomerase OS=Synechocystis sp. (strain PCC 6803 / Kazusa) OX=1111708 GN=pgi PE=3 SV=1,-0.7,-0.1,-0.7,-0.7,0.4,3
P52231,THIO_SYNY3 Thioredoxin OS=Synechocystis sp. (strain PCC 6803 / Kazusa) OX=1111708 GN=trxA PE=1 SV=3,-0.3,-0.7,-0.8,-0.7,0.3,3
P10549,PSBO_SYNY3 Photosystem II manganese-stabilizing polypeptide OS=Synechocystis sp. (strain PCC 6803 / Kazusa) OX=1111708 GN=psbO PE=1 SV=1,-0.5,-0.8,-0.8,-0.8,0.2,3
P23349,RL7_SYNY3 50S ribosomal protein L7/L12 OS=Synechocystis sp. (strain PCC 6803 / Kazusa) OX=1111708 GN=rplL PE=1 SV=3,-0.8,-0.8,-0.7,-0.8,0.1,3
P72673,Y729_SYNY3 Thylakoid-associated protein slr0729 OS=Synechocystis sp. (strain PCC 6803 / Kazusa) OX=1111708 GN=slr0729 PE=4 SV=1,0,-0.8,-1.2,-0.8,0.6,3
Q55443,Q55443_SYNY3 CheA like protein OS=Synechocystis sp. (strain PCC 6803 / Kazusa) OX=1111708 GN=sll0043 PE=4 SV=1,-0.8,-1,-0.6,-0.8,0.2,3
P77968,SODF_SYNY3 Superoxide dismutase [Fe] OS=Synechocystis sp. (strain PCC 6803 / Kazusa) OX=1111708 GN=sodB PE=1 SV=3,-0.8,-1,-0.8,-0.8,0.1,3
P73202,"PYS1_SYNY3 Phycobilisome 8.9 kDa linker polypeptide, phycocyanin-associated, rod OS=Synechocystis sp. (strain PCC 6803 / Kazusa) OX=1111708 GN=cpcD PE=1 SV=1",-0.8,-1,-0.9,-0.9,0.1,3
P72733,P72733_SYNY3 Sll1318 protein OS=Synechocystis sp. (strain PCC 6803 / Kazusa) OX=1111708 GN=sll1318 PE=4 SV=1,-0.9,-0.9,-0.3,-0.9,0.3,3
P74241,SAT_SYNY3 Sulfate adenylyltransferase OS=Synechocystis sp. (strain PCC 6803 / Kazusa) OX=1111708 GN=sat PE=3 SV=1,0.5,-1.1,-0.9,-0.9,0.9,3
P74753,P74753_SYNY3 Slr0606 protein OS=Synechocystis sp. (strain PCC 6803 / Kazusa) OX=1111708 GN=slr0606 PE=4 SV=1,-1.6,-0.9,-0.8,-0.9,0.4,3
Q55552,Q55552_SYNY3 IMP dehydrogenase OS=Synechocystis sp. (strain PCC 6803 / Kazusa) OX=1111708 GN=guaB PE=4 SV=1,-0.5,-1,-0.9,-0.9,0.3,3
Q59994,TPIS_SYNY3 Triosephosphate isomerase OS=Synechocystis sp. (strain PCC 6803 / Kazusa) OX=1111708 GN=tpiA PE=1 SV=1,-1,-1.9,-0.3,-1,0.8,3
Q55356,PSB28_SYNY3 Photosystem II reaction center Psb28 protein OS=Synechocystis sp. (strain PCC 6803 / Kazusa) OX=1111708 GN=psb28 PE=1 SV=3,-1,-1.1,-0.6,-1,0.2,3
P72777,YC54L_SYNY3 Ycf54-like protein OS=Synechocystis sp. (strain PCC 6803 / Kazusa) OX=1111708 GN=slr1780 PE=1 SV=1,0,-1,-1.2,-1,0.7,3
P73120,P73120_SYNY3 Sll1830 protein OS=Synechocystis sp. (strain PCC 6803 / Kazusa) OX=1111708 GN=sll1830 PE=4 SV=1,-0.4,-1,-1.2,-1,0.4,3
P74236,P74236_SYNY3 Slr1161 protein OS=Synechocystis sp. (strain PCC 6803 / Kazusa) OX=1111708 GN=slr1161 PE=4 SV=1,-1.1,-1.5,-0.9,-1.1,0.3,3
P73945,P73945_SYNY3 Ssl2781 protein OS=Synechocystis sp. (strain PCC 6803 / Kazusa) OX=1111708 GN=ssl2781 PE=4 SV=1,-0.5,-1.4,-1.2,-1.2,0.5,3
Q55146,Q55146_SYNY3 Sll0064 protein OS=Synechocystis sp. (strain PCC 6803 / Kazusa) OX=1111708 GN=sll0064 PE=4 SV=1,-0.9,-1.7,-1.2,-1.2,0.4,3
P74769,P74769_SYNY3 Ssr1528 protein OS=Synechocystis sp. (strain PCC 6803 / Kazusa) OX=1111708 GN=ssr1528 PE=4 SV=1,-1.3,-0.5,-1.2,-1.2,0.4,3
P21697,PLAS_SYNY3 Plastocyanin OS=Synechocystis sp. (strain PCC 6803 / Kazusa) OX=1111708 GN=petE PE=1 SV=1,-2.3,-1.1,-1.2,-1.2,0.7,3
Q55972,Q55972_SYNY3 Slr0708 protein OS=Synechocystis sp. (strain PCC 6803 / Kazusa) OX=1111708 GN=slr0708 PE=4 SV=1,-0.5,-1.4,-1.3,-1.3,0.5,3
P74390,P74390_SYNY3 Negative aliphatic amidase regulator OS=Synechocystis sp. (strain PCC 6803 / Kazusa) OX=1111708 GN=amiC PE=4 SV=1,-2.2,-1.4,-1.3,-1.4,0.5,3
P73290,PURA_SYNY3 Adenylosuccinate synthetase OS=Synechocystis sp. (strain PCC 6803 / Kazusa) OX=1111708 GN=purA PE=3 SV=2,-0.3,-1.4,-1.6,-1.4,0.7,3
Q55747,Q55747_SYNY3 Slr0420 protein OS=Synechocystis sp. (strain PCC 6803 / Kazusa) OX=1111708 GN=slr0420 PE=4 SV=1,-0.4,-1.4,-2.1,-1.4,0.9,3
P77966,GYRB_SYNY3 DNA gyrase subunit B OS=Synechocystis sp. (strain PCC 6803 / Kazusa) OX=1111708 GN=gyrB PE=3 SV=1,-2.3,-1.5,0.3,-1.5,1.3,3
P73557,P73557_SYNY3 RNA-binding protein OS=Synechocystis sp. (strain PCC 6803 / Kazusa) OX=1111708 GN=ssr1480 PE=4 SV=1,-1.9,-1.5,-1.2,-1.5,0.4,3
Q55385,RRP3_SYNY3 Probable 30S ribosomal protein PSRP-3 OS=Synechocystis sp. (strain PCC 6803 / Kazusa) OX=1111708 GN=slr0923 PE=1 SV=1,-1.5,-1.9,-1.4,-1.5,0.3,3
Q55162,Q55162_SYNY3 Sll0051 protein OS=Synechocystis sp. (strain PCC 6803 / Kazusa) OX=1111708 GN=sll0051 PE=4 SV=1,-1.5,-1.6,-2.1,-1.6,0.3,3
